temperature_c,humidity_percent,rainfall_forecast_mm,soil_moisture_percent,crop_type,soil_type,crop_stage,irrigation_required_mm,water_stress_risk
29.36350297118406,38.31939786151342,28.59979391417964,42.4128477038911,Rice,Loamy,Flowering,22.45,Low
43.767857660247905,37.28851593503999,40.27161646499932,18.619318105258312,Rice,Sandy,Seedling,13.08,High
38.29984854528513,83.43782063647257,38.008046489507954,53.619728167740746,Cotton,Loamy,Maturity,0.0,Low
34.96646210492592,37.46823398946543,7.694995234688684,40.65581195346208,Sugarcane,Sandy,Vegetative,28.8,Low
23.900466011060914,39.03648082900417,7.462473487073695,17.860194177847713,Wheat,Clay,Flowering,12.84,Medium
23.899863008405067,73.15787836925746,13.408718387245667,58.116902874060344,Rice,Clay,Flowering,10.15,Low
21.452090304204987,51.481788971537796,18.05373631705186,35.91827316676603,Wheat,Clay,Vegetative,0.0,Low
41.654403644373375,74.36973898686269,20.42277907042413,13.64492259358275,Maize,Loamy,Vegetative,8.69,High
35.02787529358022,24.575631029506965,33.98486084166726,41.341645220753364,Maize,Loamy,Maturity,0.0,Low
37.70181444490114,54.1299835571369,2.83402160829177,22.659945350640513,Sugarcane,Loamy,Maturity,17.43,Medium
20.514612357395063,22.352952012829785,1.7336352113033193,50.18467259386512,Rice,Clay,Vegetative,15.14,Low
44.247746304049855,24.38572424187482,19.595528147195452,50.891103678309534,Cotton,Sandy,Vegetative,21.38,Low
40.81106602001054,83.45062173410876,34.85818460689902,58.94736779273309,Rice,Clay,Vegetative,0.44,Low
25.308477766956905,29.74717597823166,9.671767147824129,35.09347655122519,Wheat,Clay,Vegetative,6.14,Low
24.545624180177516,57.2694477592652,32.07522406281259,32.747843986386854,Maize,Sandy,Flowering,6.56,Low
24.585112746335845,48.77669218204946,12.991406897014974,47.67378027232403,Wheat,Sandy,Maturity,4.57,Low
27.60605607398844,44.31403283811899,44.30430544067582,16.62353281709633,Sugarcane,Sandy,Vegetative,8.45,Medium
33.11891079080595,82.98833419810907,44.78449721333082,37.34577568965621,Maize,Sandy,Vegetative,0.0,Low
30.798625466052894,21.527637774284266,14.864360214066325,37.31238000654255,Cotton,Clay,Flowering,12.62,Low
27.28072850495105,66.46527803229124,11.499687698162026,14.47365614051936,Maize,Loamy,Seedling,1.35,Medium
35.296322368059485,87.43761039494854,20.565198603311565,30.899204275345678,Rice,Clay,Vegetative,8.79,Low
23.487346516301045,59.211772842328934,12.026579259007436,52.6642399283601,Rice,Sandy,Flowering,29.41,Low
27.303616213380455,85.57757234231643,33.61919216458518,52.80768109973302,Maize,Loamy,Flowering,0.0,Low
29.159046082342293,23.658051550021664,41.30323422741428,14.961883245984051,Sugarcane,Loamy,Seedling,0.0,Medium
31.4017496054259,49.31553233519129,33.65460654556085,14.536044137391542,Rice,Clay,Maturity,0.0,Medium
39.62939903482534,38.21104536734358,41.21752236246748,23.134773850096764,Rice,Clay,Maturity,0.55,Medium
24.991844553958995,71.15746754865108,19.84960811037371,53.73830312769967,Cotton,Clay,Maturity,0.0,Low
32.855860960340294,88.69079633480726,7.815848535443043,16.44512925367495,Maize,Loamy,Vegetative,8.92,Medium
34.81036422155106,37.957104371097344,36.89754736987961,45.99984013137231,Rice,Loamy,Maturity,3.07,Low
21.161260317999943,65.79222210318521,18.023725257077693,15.05828098065516,Sugarcane,Loamy,Vegetative,6.98,Medium
35.18862129753596,33.86683429318181,33.56354126145663,41.15689268739127,Wheat,Sandy,Vegetative,8.21,Low
24.263103092182288,59.57311782001269,13.532197099088282,27.80336495595724,Maize,Sandy,Flowering,13.39,Medium
21.62628982463199,52.47527406818353,4.061481740333633,49.44569814829335,Cotton,Clay,Maturity,1.78,Low
43.722138431333335,88.0403730742076,49.62908977438817,21.68452244126818,Rice,Loamy,Maturity,0.0,Medium
44.14080082686398,62.59690908875266,7.810075396529964,41.960091469497996,Sugarcane,Clay,Maturity,10.19,Low
40.20993370291153,44.46544604607732,49.42104969817405,21.78412672879425,Maize,Loamy,Vegetative,0.0,Medium
27.61534422933427,27.986704942155335,48.86399662832236,45.68301415560769,Sugarcane,Clay,Vegetative,0.0,Low
22.441802850159597,30.58727801144542,39.69090519540198,53.68390172803744,Sugarcane,Sandy,Maturity,0.0,Low
37.10582566280392,35.772185096586455,32.97114810409988,16.340089956338,Cotton,Loamy,Vegetative,7.1,High
31.003812343490033,37.567666293820864,28.890352512554234,53.329784429775174,Maize,Sandy,Vegetative,9.03,Low
23.05095587111947,79.54312404887965,43.305077268891736,39.6787627207149,Rice,Loamy,Seedling,0.0,Low
32.37942275278176,59.28559517977674,14.471976080974397,16.355524543351198,Cotton,Clay,Seedling,0.27,Medium
20.85971302788046,56.63736379620565,23.38406062424385,31.3770927679856,Rice,Loamy,Maturity,0.34,Low
42.73301005196955,28.033821030845225,30.969498468325096,18.043014674254895,Wheat,Sandy,Maturity,5.79,High
26.469499540000424,80.20977853446044,20.559523793474554,45.01739444332848,Sugarcane,Loamy,Seedling,0.0,Low
36.56305710884955,70.59700122459387,21.3743227045134,47.943406720897485,Wheat,Clay,Vegetative,0.0,Low
27.792776902235275,24.73678533300011,16.51423337510422,15.289826013639948,Sugarcane,Loamy,Vegetative,17.47,Medium
33.00170052944527,69.5484568060838,28.2115908342268,35.30699263473222,Cotton,Sandy,Flowering,16.05,Low
33.667756983581995,58.04767521398522,42.5287264007558,50.73125280129586,Rice,Clay,Maturity,0.0,Low
24.621361388138176,25.720774202274477,10.076418900315643,56.80815207754983,Rice,Sandy,Maturity,16.19,Low
44.239615694113965,52.08104490700595,46.72165193767207,35.675893337088496,Cotton,Loamy,Maturity,0.0,Low
39.37832058402786,53.92874009910329,34.45438268741148,57.513961180570355,Maize,Sandy,Flowering,15.35,Low
43.48747353910473,31.6042178114293,41.16366063400151,36.78444852280149,Wheat,Loamy,Flowering,7.14,Low
42.37068376069122,86.19887029001976,27.809534631500583,29.709524729995398,Wheat,Clay,Vegetative,0.0,Medium
34.94749947027713,79.49827600364634,38.97583507120317,52.41015642764477,Rice,Sandy,Seedling,0.0,Low
43.04685587557792,66.83156361303759,0.8100198669733605,34.64913552290445,Rice,Sandy,Seedling,29.14,Medium
22.212312551297988,52.360689270042506,40.91902123897676,33.59512552822615,Rice,Loamy,Seedling,0.0,Low
24.89957156047863,48.82358791091559,2.006942954268326,34.51562447049142,Cotton,Sandy,Vegetative,15.14,Low
21.13068222276345,65.5681427005668,44.49566881814312,52.339250093487266,Maize,Sandy,Seedling,0.0,Low
28.133258269081608,58.180230858483384,49.59813736193217,51.597077084402606,Wheat,Clay,Flowering,0.0,Low
29.71693224223705,24.359117411731994,14.70337310883889,30.17599962201056,Sugarcane,Loamy,Flowering,29.65,Low
26.783725794347397,55.87518541392322,10.515927814289682,26.66499299352625,Cotton,Loamy,Maturity,5.02,Medium
40.718437728798236,76.44825320629877,38.26816819290204,34.59640120195647,Wheat,Clay,Seedling,0.0,Low
28.918833167339734,52.146791431787065,12.651317046012661,38.63862548685545,Maize,Clay,Flowering,9.04,Low
27.023362742184517,23.636960428798787,43.278119158610174,21.91686053139985,Cotton,Loamy,Maturity,0.0,Medium
33.56740207895621,75.03947395688232,5.142129607873835,49.697754235779534,Wheat,Clay,Seedling,2.41,Low
23.523105624369066,34.09546474951821,6.297759818967913,34.32413828662114,Cotton,Clay,Seedling,3.68,Low
40.054924518850996,38.10345844216272,48.957577755030776,26.70227742099798,Wheat,Clay,Flowering,0.0,Medium
21.863766091994272,31.529444740260715,33.69194491350023,15.34104964819953,Wheat,Loamy,Maturity,0.0,Medium
44.672173415012935,43.115054541004824,42.34436122144764,21.942258020180347,Maize,Clay,Maturity,0.0,Medium
39.306119232416435,72.97260539820445,16.2164688675759,57.46405858779919,Sugarcane,Sandy,Flowering,36.29,Low
24.96789203835431,56.35701016527561,33.82418747603022,25.25498434097633,Maize,Sandy,Flowering,6.53,Medium
20.13805292809006,34.34168919054988,29.71209136542986,18.442964468351768,Wheat,Loamy,Flowering,1.88,Medium
40.386535711370854,81.44810547064286,30.15750600614735,33.03363958274966,Cotton,Clay,Seedling,0.0,Low
37.671433596190425,81.57072984660704,34.126622976886075,25.354387168012437,Maize,Sandy,Flowering,10.84,Medium
38.22517920102469,80.94048975322048,28.76795865645493,11.757962513559708,Sugarcane,Loamy,Flowering,16.45,High
39.281758667148644,36.71573479670775,21.453118465133297,26.157260863970862,Wheat,Sandy,Vegetative,17.66,Medium
21.85111629335226,51.58675409266917,13.796134719027343,37.20543119697343,Maize,Clay,Flowering,2.26,Low
28.961643213606813,88.94927592986126,38.4290665456601,37.585618600998345,Maize,Loamy,Flowering,0.0,Low
22.896726488128245,74.04087334169932,11.31362150015931,27.827946058844436,Maize,Sandy,Seedling,3.3,Medium
41.57758564688984,21.901719485789187,34.61771530772071,32.36513781263003,Maize,Loamy,Maturity,1.03,Low
35.58245317068895,24.564321388234443,11.666641132466331,58.27589591173832,Cotton,Sandy,Seedling,8.81,Low
28.27245062131623,52.475196376863295,31.266508497722693,28.86742386151558,Sugarcane,Sandy,Vegetative,10.75,Medium
21.588958757150593,83.64541441030921,37.35391335645144,22.911340662999148,Sugarcane,Clay,Flowering,0.0,Medium
27.774558042891556,57.709125856689994,10.93569444532696,22.173352203338005,Wheat,Clay,Flowering,9.46,Medium
28.12958305066868,54.846875562400314,2.997165043065414,32.88823063520671,Rice,Sandy,Flowering,43.35,Low
38.2401544584516,27.38315899696414,6.548687149708704,47.9760074358472,Cotton,Loamy,Flowering,27.85,Low
35.93893678388033,65.9746073307006,30.299848363551273,20.299409209423658,Wheat,Loamy,Flowering,8.66,Medium
42.18031856440817,77.54722124201578,42.47232031128678,45.464806357038405,Wheat,Clay,Flowering,0.0,Low
31.805373129048732,46.62940052552936,2.2498410617712183,11.057491167470815,Maize,Sandy,Vegetative,23.99,Medium
22.98985614845754,74.29282956477292,36.70756295208231,30.9466488991973,Rice,Clay,Flowering,0.0,Low
37.83111968057487,87.51336577305682,17.065932297502606,48.793253260139345,Rice,Sandy,Flowering,34.85,Low
39.019626215422434,34.26365213893824,23.926418495976126,26.936647788721572,Cotton,Sandy,Flowering,29.52,Medium
34.03192993923741,56.63307418363189,46.44297749227828,38.18685507226998,Rice,Clay,Vegetative,0.0,Low
39.27417949886403,40.09965706592028,16.598575236792275,20.24896164129554,Wheat,Loamy,Flowering,15.67,Medium
32.34488990910977,75.49980933236876,23.2668466969743,47.099769556308615,Rice,Clay,Vegetative,5.28,Low
33.06832073454985,60.43153561168103,0.6841207380340553,12.613955163437982,Rice,Sandy,Seedling,22.31,Medium
30.68852545896374,64.42076922852127,4.0799360002419185,52.627132243775016,Sugarcane,Clay,Flowering,18.41,Medium
20.63547816860238,75.85399117311258,12.929579556739201,19.909819321083408,Wheat,Loamy,Maturity,0.0,Medium
22.69728567483261,47.71793308637184,1.3926120410537202,53.71990158541654,Rice,Loamy,Vegetative,20.18,Low
20.785729642168356,84.05630478849302,31.56876630241255,27.626462065025866,Rice,Sandy,Seedling,0.0,Medium
35.91026028159451,57.3120207072298,21.319917840081125,46.13417872372433,Maize,Clay,Vegetative,1.21,Low
27.858899526908168,31.05683759847436,27.407260136401103,25.961264889309422,Rice,Loamy,Vegetative,17.07,Medium
32.71426727911757,68.71293827181617,8.732359294816478,55.29558356173238,Rice,Clay,Seedling,7.06,Low
42.689161848152324,75.52829453067781,14.796601471830806,16.331856275918717,Sugarcane,Loamy,Flowering,28.01,High
26.232305728721872,42.173317394726865,33.191223742636254,18.925989463629936,Wheat,Sandy,Flowering,9.31,Medium
30.259573075890742,80.0025479899127,48.26513618151999,34.65150625794011,Cotton,Sandy,Vegetative,0.0,Low
38.888778463576216,83.43002783360365,2.52083868011046,14.096921951907307,Wheat,Clay,Seedling,2.71,High
25.71995413729056,39.38331411644663,44.519216042763304,19.799009235088096,Maize,Sandy,Flowering,10.15,Medium
21.924497745719826,88.84650309006554,28.844060065560424,57.188319110600716,Wheat,Loamy,Vegetative,0.0,Low
27.2437863228442,29.849806963413087,28.195978337781185,58.82448305739436,Rice,Sandy,Maturity,5.94,Low
24.03053218135011,34.141096788174295,25.013926760388017,28.812966466521097,Maize,Loamy,Seedling,0.0,Medium
43.242441308564324,32.89573874666183,3.4697042952091692,56.164301050696785,Wheat,Loamy,Maturity,8.32,Medium
40.20300948911043,82.57927970055093,4.493842586808033,37.24123378367159,Maize,Sandy,Maturity,11.08,Medium
35.835093912760584,65.80047866274734,30.045600282954304,23.487123293688352,Cotton,Loamy,Vegetative,4.63,Medium
41.786514754692945,30.647299825559102,17.047928571777916,45.119936054029935,Wheat,Loamy,Seedling,3.25,Low
40.09180192247786,50.82263928578443,45.86340332888403,42.94509032874286,Rice,Clay,Flowering,11.07,Low
24.664251472150895,63.07086175488614,20.329526867973613,59.45626595543667,Maize,Clay,Flowering,0.0,Low
42.313974962249446,25.84248594925683,7.1640729351320545,23.252364370464164,Sugarcane,Clay,Vegetative,24.05,Medium
33.48355604789127,81.76914578851371,35.7359416751018,43.60297513308677,Maize,Sandy,Flowering,7.2,Low
40.18600387910156,76.25224748090747,14.667671072050492,12.601187751472345,Sugarcane,Clay,Flowering,18.17,High
42.40228249808733,55.36447415036468,26.27351536779466,15.68230193483597,Rice,Loamy,Maturity,15.74,High
27.950086874296595,87.69886306814193,34.8916392752585,10.195918747554662,Cotton,Sandy,Maturity,0.0,Medium
22.75129811319192,49.24326854925698,45.01320556010352,59.97303405298366,Sugarcane,Sandy,Seedling,0.0,Low
25.698379063548543,88.88772233255484,39.6095597400838,50.11368485737389,Cotton,Sandy,Maturity,0.0,Low
30.677694715656408,66.7543999162539,33.818053393636205,49.33615073667704,Maize,Sandy,Flowering,8.36,Low
40.45036914806233,64.4269891277759,33.98165911975718,35.48630376440899,Rice,Loamy,Seedling,0.0,Low
41.51826458140859,31.616842670704948,47.296232201604326,25.003354145272,Sugarcane,Loamy,Seedling,0.0,Medium
20.17380326327977,81.73494308132507,14.791204874826802,17.563214223133798,Maize,Clay,Vegetative,0.0,Medium
32.768682564439146,49.92427815444306,0.05560470980937038,24.233736942323183,Wheat,Sandy,Maturity,14.0,Medium
30.435275078719474,31.356338404773552,13.597727969909934,28.798561096456957,Maize,Clay,Seedling,0.0,Medium
25.552695261768257,20.88252639830313,10.8945689813372,47.8155048490147,Cotton,Loamy,Flowering,19.89,Low
22.99663418334207,59.18289785468678,33.09172925569991,36.98308944515762,Rice,Sandy,Seedling,0.0,Low
28.4403792850907,56.91797354858734,31.68557998827645,13.874181327774135,Rice,Loamy,Seedling,0.0,Medium
43.572742597812976,70.3547535658411,29.67306913523619,10.901450447945612,Maize,Clay,Vegetative,3.19,High
28.080073300518883,82.31806371124614,0.812172160472685,15.116608976703159,Wheat,Loamy,Flowering,16.21,Medium
32.96976554358415,25.558460925012067,36.438902722532376,30.524935684868968,Cotton,Sandy,Flowering,19.14,Low
37.57547397237944,71.20475432382537,16.176520624274577,56.659645852450915,Maize,Sandy,Maturity,6.64,Low
29.09074005948235,33.118836086830754,33.25279945033156,41.87012406046108,Maize,Clay,Flowering,4.64,Low
44.29455206802402,80.07239372100148,27.828921425107666,50.091294993775755,Rice,Sandy,Seedling,6.57,Low
44.06118237355278,77.33444597031593,17.13654627139536,33.31872972522743,Cotton,Loamy,Flowering,18.76,Low
26.294557395634104,57.85556284898811,6.7288133552053875,28.08330415975214,Wheat,Loamy,Flowering,13.65,Medium
32.431212647309636,69.71699590363181,4.720944883024048,15.420018635831136,Rice,Loamy,Seedling,17.94,Medium
27.521957745419243,42.00450792286239,41.57591665561118,53.79665110931025,Maize,Loamy,Vegetative,0.0,Low
27.12101235943669,52.98175292529702,45.9198771040779,49.158001451395144,Rice,Clay,Maturity,0.0,Low
20.92217368386332,77.51458283973301,32.48940233821498,18.405904879886258,Rice,Loamy,Maturity,0.0,Medium
35.23910834949742,52.148563802124976,5.171705743024169,35.61302819381302,Sugarcane,Clay,Vegetative,18.95,Low
32.56697558072154,45.04587857278092,20.101360844412035,34.36874039606224,Rice,Loamy,Seedling,5.1,Low
21.286968781249733,54.59487130752099,36.446960005257864,41.25457763432643,Rice,Clay,Maturity,0.0,Low
26.966161605915286,77.97744767060529,38.9910442005034,57.30934469956306,Cotton,Loamy,Vegetative,0.0,Low
42.70664714916634,43.46456331596109,5.91093111455443,38.98857208812398,Rice,Loamy,Vegetative,34.69,Low
25.989047266674312,32.16331151950207,0.0015359422691207936,37.01086333893093,Wheat,Clay,Vegetative,12.18,Low
23.622371802280576,69.84098142315466,35.60685229403025,12.516146646733198,Maize,Sandy,Maturity,0.0,Medium
32.23631900693908,77.81847488956572,17.829808799310282,13.145373800901197,Cotton,Sandy,Maturity,6.77,Medium
44.641261352765014,27.044623496647333,12.724066580913012,19.367339566339446,Rice,Sandy,Maturity,32.69,High
26.05138178778751,36.79118789291613,0.644873489476272,11.623538584587415,Wheat,Clay,Maturity,5.28,Medium
36.80338868514696,29.938039283269575,27.014970338074985,47.167644778500616,Maize,Sandy,Flowering,21.77,Low
39.04049038321794,44.35589881075167,42.557536771299084,46.16651519969815,Cotton,Sandy,Vegetative,7.27,Low
25.940938599809993,51.52456852337889,47.881582313629394,16.802811721582145,Wheat,Clay,Flowering,0.0,Medium
38.205408715296485,72.41784358743146,28.287247530664462,51.803945039764045,Rice,Sandy,Vegetative,19.76,Low
29.194578317981332,65.5803309417172,25.72306638699471,17.7393017423056,Sugarcane,Sandy,Maturity,3.73,Medium
35.807645764839485,63.46499972349018,4.252819274462055,25.05877934986794,Sugarcane,Sandy,Maturity,19.83,Medium
35.838242769022365,44.66624626267581,27.443640077129988,22.44884495806825,Cotton,Clay,Flowering,10.69,Medium
33.394367101868966,78.9013287159332,18.99895394826973,28.61535492865239,Wheat,Clay,Seedling,0.0,Medium
22.257244251360206,52.99010171787152,30.356764044178846,22.733188294498092,Maize,Sandy,Maturity,0.0,Medium
40.88256238973095,88.53734566106081,19.436317393827334,34.4475463219226,Wheat,Sandy,Seedling,0.0,Low
28.019501624293397,64.38994968070158,12.014956172518337,30.37039406773427,Sugarcane,Clay,Vegetative,7.93,Low
24.662962759996354,28.83853190951519,4.748263761418825,59.328474538966326,Cotton,Sandy,Flowering,24.04,Low
21.0193785388691,67.33242934528039,15.745922229444787,12.796317506411283,Rice,Clay,Seedling,2.51,Medium
34.77232357970605,42.75728108021893,4.832241714387614,17.10906881936758,Wheat,Sandy,Seedling,15.46,Medium
36.939109046057055,68.04290376802682,8.844847541199197,12.641294695430124,Sugarcane,Clay,Maturity,8.02,High
20.414695723196402,24.874880371368402,49.366807928977295,41.29205974911879,Maize,Loamy,Seedling,0.0,Low
32.802326457482025,32.24170060231716,22.20517784533093,12.725463870685978,Cotton,Loamy,Seedling,3.96,Medium
25.66239437994845,79.90160812340504,26.593588325250828,51.821986868806164,Rice,Clay,Vegetative,0.0,Low
36.12931976023624,35.90256899164604,43.680926436860766,35.59693153409639,Wheat,Loamy,Flowering,2.39,Low
24.359160725124788,78.5928787670058,49.77844502453439,36.35038122907669,Maize,Sandy,Maturity,0.0,Low
37.27344345256165,39.54932619180873,29.135722467234075,38.079725385609706,Rice,Clay,Maturity,0.01,Low
29.668383657513434,65.00173370410954,40.623691052208585,18.540685315310537,Sugarcane,Clay,Seedling,0.0,Medium
43.418249718418366,68.59054014568818,16.347051216833762,19.88451515572438,Sugarcane,Sandy,Vegetative,29.51,High
23.43802360364983,55.88583272015371,15.287197872364555,25.940866143650233,Maize,Sandy,Seedling,1.72,Medium
28.52665877625646,41.37174736877119,20.13518604972801,39.67482079109257,Sugarcane,Clay,Seedling,0.0,Low
22.83683803101473,34.88510634597673,33.625363133682455,20.505888797010726,Cotton,Sandy,Maturity,3.14,Medium
43.11734045696407,22.323254819369836,34.10958446275494,15.816586356663063,Maize,Clay,Seedling,0.0,High
41.93348383452452,41.27624808685067,15.76197173247254,58.50584432092161,Sugarcane,Sandy,Seedling,11.66,Low
26.44854069287889,65.72139533718982,6.660496206831434,11.099090740481145,Wheat,Clay,Vegetative,7.01,Medium
36.499601150854474,85.68133729139379,31.619812823275428,50.13487026680108,Sugarcane,Sandy,Maturity,3.0,Low
40.4305550050304,80.98431375841363,6.416293109438226,49.4017574787511,Cotton,Sandy,Flowering,27.05,Low
33.88002028998656,73.62453435747119,28.924625411466504,24.8607056922548,Rice,Loamy,Vegetative,11.9,Medium
33.24126445890016,75.19131402773091,34.67110640281545,16.78133080036567,Rice,Loamy,Vegetative,11.38,Medium
26.046307272511292,66.54894324331967,35.03057481972258,17.28143233527117,Sugarcane,Loamy,Vegetative,3.51,Medium
22.32756919514748,38.220080029620206,37.673605532979835,44.87158086185963,Rice,Sandy,Maturity,1.86,Low
42.43039394883317,83.50365214940808,43.642971078283225,42.140329554308686,Sugarcane,Clay,Seedling,0.0,Low
42.51045142908326,66.95126183340838,24.997949598239423,49.137283712569335,Cotton,Sandy,Flowering,27.74,Low
35.827536431831696,59.230844168630796,36.51245947647856,56.874058619955235,Rice,Loamy,Maturity,0.0,Low
28.475744776217518,27.769262844943675,30.958636768291836,44.5963681633296,Wheat,Sandy,Seedling,0.0,Low
28.73023936531652,51.29388806644978,9.331996989884129,17.792576827572173,Sugarcane,Loamy,Vegetative,19.69,Medium
38.14889197175599,52.22507898413484,1.2844822434704084,22.172130838270533,Rice,Loamy,Maturity,25.12,Medium
42.42775649881443,80.5194526665869,14.227069283846689,52.10968654365573,Cotton,Clay,Seedling,0.0,Low
42.177160606627936,58.26537541314519,22.15168531688097,20.46530379171043,Cotton,Clay,Flowering,12.14,Medium
39.496888646440595,46.62803842792867,30.855297221432814,13.626115847724071,Wheat,Loamy,Flowering,9.05,High
36.05079115385719,88.37602299574615,42.497966525160265,45.164002702112526,Cotton,Loamy,Seedling,0.0,Low
22.103499124876222,27.750441532842096,9.812285835308282,30.1263177745071,Cotton,Sandy,Maturity,11.9,Low
24.040717852365344,49.578389981836125,6.277489494923855,56.00200262729518,Rice,Loamy,Vegetative,16.88,Low
42.463854713176985,22.94172726199837,48.173997373716375,42.51275355468308,Sugarcane,Sandy,Seedling,1.15,Low
35.16072649148975,71.79328845368512,5.402227968820355,14.520948889583037,Maize,Loamy,Vegetative,10.77,High
20.22992629041574,84.26535865394054,23.92455350535946,57.392828362683034,Cotton,Clay,Flowering,0.0,Low
22.536788571650803,39.60261306853426,29.278186439665095,22.927863182012295,Cotton,Clay,Seedling,0.0,Medium
36.5875442277014,80.08391737593846,27.068721045371912,26.86062452031429,Maize,Loamy,Flowering,4.87,Medium
20.126539596155467,40.45527613233284,4.3016078516471605,30.1130206841771,Cotton,Sandy,Vegetative,17.2,Low
24.020201285437466,83.75391131507406,2.8513457001809686,12.561214820215662,Rice,Sandy,Vegetative,23.61,Medium
33.71834473416465,72.77733325177488,5.274171373051784,34.825771111530244,Rice,Sandy,Seedling,15.74,Low
37.297379942317335,76.34347437890071,29.279384193630626,16.16592455376461,Maize,Loamy,Seedling,0.0,High
36.29903148756502,21.260458892031814,27.217244381716053,30.048516334417588,Cotton,Loamy,Seedling,0.0,Low
25.606732736513994,87.39672499518181,11.687039601837213,27.535489399604216,Cotton,Clay,Flowering,6.36,Medium
37.8044805336884,70.86696944492263,31.888707092279578,48.64200417132517,Sugarcane,Clay,Vegetative,0.0,Low
25.931227187420003,41.33257667702934,41.00337510278247,50.15852558163655,Cotton,Loamy,Vegetative,0.0,Low
28.134992453981695,78.05762654011929,2.078947992329688,17.6706441194544,Rice,Clay,Flowering,25.36,Medium
38.662285127950604,39.706483889045096,24.90649717740212,28.32755936896131,Wheat,Sandy,Seedling,1.32,Medium
36.24082247618037,81.09276876962895,34.465520605134515,28.667658051591584,Wheat,Sandy,Maturity,0.0,Medium
41.23058526235445,27.88062732883559,12.615596353484355,17.57052219680425,Wheat,Loamy,Seedling,5.79,High
36.44032230750858,69.2580184222557,15.388545264657456,49.92267525255953,Wheat,Sandy,Maturity,3.57,Low
34.20771508338679,57.848893365143724,30.68189514946919,45.36141641677116,Cotton,Loamy,Maturity,0.0,Low
22.341869195702312,26.757412913680856,44.89676467218685,19.519089314851737,Cotton,Sandy,Flowering,10.05,Medium
29.19289507648584,36.932567978118726,40.49622101514497,28.33609542968995,Sugarcane,Loamy,Vegetative,0.97,Medium
26.630059192043134,20.868282539412036,29.156510954979176,15.290251242825711,Cotton,Sandy,Vegetative,12.58,Medium
26.09974108447709,52.81375758251541,36.51108588786246,41.4103298546522,Wheat,Sandy,Vegetative,0.0,Low
44.325263868811135,41.08856825320002,18.241123510389933,16.068596227430984,Maize,Clay,Vegetative,9.47,High
29.82744311666901,61.885023900843116,32.04827640493789,59.29670843124589,Maize,Clay,Flowering,0.0,Low
42.30116387942783,40.80664653960321,23.30907955637785,49.03410373439311,Rice,Clay,Maturity,6.14,Low
35.778465649931576,40.994337805488925,9.496806822878046,29.511927479199752,Rice,Clay,Vegetative,20.97,Medium
39.870282588541215,72.02352391121224,35.08691369386286,38.92819661396772,Cotton,Clay,Maturity,0.0,Low
32.5659273276298,23.369998518484742,27.823231867441102,55.56709081082044,Maize,Clay,Flowering,4.36,Low
34.422597115658974,83.2026496634391,17.93107909767957,37.704964019791305,Wheat,Loamy,Seedling,0.0,Low
32.3129423454716,79.6584712073827,45.566959503931535,18.72492431989776,Wheat,Loamy,Flowering,0.0,Medium
24.881074694951113,66.74632782584845,1.0467058913366634,28.935167779057966,Wheat,Clay,Vegetative,10.05,Medium
38.06130288153763,61.5255099075169,15.7886575624748,52.15724325148727,Cotton,Loamy,Seedling,0.96,Low
27.019309061021396,82.46117486977565,2.844069888882328,42.210650799480895,Cotton,Clay,Flowering,6.71,Low
20.607899160786346,32.97311256701001,38.32636581108136,42.536219216690014,Sugarcane,Loamy,Flowering,7.44,Low
36.13680739767919,25.527841353358003,35.10537270568963,53.34107428442446,Wheat,Sandy,Maturity,0.0,Low
24.427766985176223,36.76571189366767,16.567610936815854,54.69865287312523,Wheat,Loamy,Flowering,12.09,Low
43.51146460882286,75.62047950901332,33.78314511035365,55.98962858897181,Cotton,Loamy,Seedling,0.0,Low
43.84821442506468,22.426918670853834,19.796861309797492,14.742459662657804,Cotton,Loamy,Flowering,27.11,High
42.871609755511216,60.79647845584427,37.812689571121716,37.20630009815504,Sugarcane,Sandy,Vegetative,18.83,Low
29.25396750638611,89.6806261333917,22.709183136835303,47.02547606091593,Sugarcane,Clay,Maturity,0.0,Low
20.386415413221684,79.89872656862775,20.61398639158328,47.84634225635069,Rice,Loamy,Seedling,0.0,Low
43.20796406469313,56.50119823305126,46.73649577441505,40.33581009850019,Maize,Loamy,Seedling,0.0,Low
30.704603707932858,24.454863650064965,12.543954994535012,18.339366759183708,Wheat,Sandy,Flowering,27.99,Medium
44.16637047609174,78.1961460069997,6.022366999828272,49.871027697083214,Wheat,Clay,Vegetative,4.7,Low
44.09049942723132,61.928495572404735,29.22715566297291,46.00556667574729,Sugarcane,Loamy,Maturity,1.3,Low
41.325236386684,28.04530979416968,48.466090614208944,14.306788577451815,Sugarcane,Sandy,Seedling,4.53,High
27.36122230173964,26.570009937634936,18.891960686359333,33.19049123371882,Rice,Clay,Maturity,8.58,Low
29.62744321504813,83.67387736056148,3.101838181439076,18.69886997609018,Maize,Clay,Flowering,10.69,Medium
41.27841678792142,66.8440184056655,16.96526336547837,26.873852285648596,Rice,Loamy,Vegetative,27.82,Medium
27.923050128906944,78.05007595217289,25.296582715977923,10.904054610284271,Maize,Loamy,Flowering,7.32,Medium
24.237318667152312,81.52852301975872,8.096150331610685,30.016493420537913,Wheat,Loamy,Maturity,0.49,Low
33.92003156145876,60.02406464338256,32.9051109028246,37.49384605781052,Rice,Loamy,Flowering,16.03,Low
43.40386935401952,56.221244622852886,49.88746945051003,40.97912964135434,Sugarcane,Sandy,Maturity,0.0,Low
37.400744916874324,50.12991872246931,22.58697379907219,43.17451725643551,Rice,Sandy,Seedling,11.08,Low
34.25152925223412,42.18626114537835,17.736427836510632,51.814565655123,Rice,Loamy,Seedling,8.51,Low
22.429412344269213,50.42171726010982,20.035208341723333,20.7731453637865,Wheat,Clay,Flowering,3.92,Medium
35.37518066747924,74.17157590111094,5.757308919760057,16.024091121923398,Sugarcane,Loamy,Seedling,9.65,High
44.75134625260658,62.13464017105921,44.16368007131119,52.57685859489628,Sugarcane,Clay,Maturity,0.0,Low
23.5021003809131,82.47663029683923,20.7412827760676,17.830640744632493,Cotton,Clay,Seedling,0.0,Medium
32.95824130909342,51.03660100654314,19.363720571242066,58.738004066809765,Cotton,Clay,Vegetative,1.36,Low
41.93432679819888,62.49627051031278,32.984513646523716,52.12691146993185,Cotton,Sandy,Vegetative,10.64,Low
38.51921544385511,64.19152871643921,22.101671046556177,35.04383029447996,Wheat,Clay,Flowering,5.13,Low
37.4253935248817,61.41880136144279,32.4116734403923,59.07107124610126,Rice,Clay,Flowering,9.79,Low
37.56210209967773,69.18436411598614,3.0723145065393753,14.86883645540021,Sugarcane,Sandy,Flowering,42.46,High
28.98727878049388,36.620342786236435,40.68616718611137,25.15328805875508,Sugarcane,Clay,Flowering,5.07,Medium
27.339796106612333,55.86546442820534,47.02519764397013,41.91122075203057,Rice,Clay,Maturity,0.0,Low
40.23402888696284,27.295736196584336,32.4382693079693,27.500343423658936,Sugarcane,Loamy,Maturity,3.9,Medium
40.25283486697952,46.91579293513688,47.72829644294054,56.41862759903959,Rice,Clay,Vegetative,1.73,Low
41.67680796450259,54.13669480348851,7.5716157184981645,13.281304408890879,Wheat,Clay,Maturity,7.92,High
42.83101381391178,65.65569816818308,23.870809474017683,37.47059160304823,Wheat,Clay,Seedling,0.0,Low
32.783559971523445,86.53717368103425,30.090336697272363,39.54331336975572,Wheat,Clay,Vegetative,0.0,Low
32.53790736717999,62.04557465838491,29.086832371059334,42.63640618886121,Rice,Clay,Flowering,14.68,Low
39.95737947416938,72.05157413235918,20.07308895445216,22.78331116659072,Rice,Sandy,Flowering,46.3,Medium
36.24909826944413,55.43862416466419,16.90422046831307,28.22832137599322,Maize,Clay,Maturity,0.86,Medium
37.54917193144259,64.3872821963432,6.34120112752094,52.184026483248886,Sugarcane,Clay,Vegetative,13.99,Low
39.89481673590252,24.965255129364138,19.58712252811391,19.74713844850799,Sugarcane,Sandy,Maturity,16.69,High
42.250133545439155,37.807410658929285,8.133040755274257,51.343392358668105,Maize,Sandy,Maturity,15.49,Low
28.449878921288395,45.32971652435971,36.71828382461092,38.13277114513712,Maize,Clay,Maturity,0.0,Low
29.389573815998602,53.07453485045595,10.441546774729499,48.109375559704105,Wheat,Clay,Vegetative,0.9,Low
22.349548496021725,23.195412185166862,2.9282652642266926,45.680368313173574,Maize,Clay,Flowering,15.67,Low
34.45700352490435,29.801686828732237,27.618306890861717,20.37557476924395,Rice,Loamy,Seedling,8.88,Medium
20.898556844918552,39.37700154539141,29.76148663597008,38.440636821693644,Cotton,Loamy,Flowering,1.49,Low
31.639950453311506,88.00728836307354,43.59565306402528,53.386157640254616,Rice,Clay,Vegetative,0.0,Low
33.56611586768942,43.19429049721356,28.849080620884095,31.605811840096468,Maize,Sandy,Flowering,15.14,Low
27.163531303207108,53.742874067845776,17.274042686172287,58.329538511165836,Sugarcane,Clay,Flowering,9.57,Low
34.770831514225264,33.726839891687504,40.150594076316025,32.610755005085906,Rice,Sandy,Seedling,6.39,Low
20.762506248476235,62.75460497530378,27.013944659371052,17.139281833394236,Sugarcane,Sandy,Flowering,12.63,Medium
20.93370471873036,39.6478250861182,3.964014231559587,29.47173400388366,Rice,Sandy,Flowering,39.67,Medium
40.56501401649146,34.48948049068987,28.292528015662334,57.58512031952686,Sugarcane,Clay,Flowering,16.91,Low
29.00476603528157,56.160083991218535,45.40092727108312,25.98604246699271,Rice,Clay,Maturity,0.0,Medium
23.17651281629712,20.385405941229457,19.815631274911027,53.40490799335314,Sugarcane,Sandy,Vegetative,19.26,Low
33.05608150137011,20.53648228544577,14.816290094990004,54.06253408409449,Cotton,Loamy,Vegetative,10.13,Low
39.24983882746527,35.33481663713005,7.173472850901002,27.509326216598055,Wheat,Loamy,Seedling,6.72,Medium
25.395525687421078,22.57049537505748,7.572276096767866,14.162882902531607,Rice,Loamy,Maturity,18.06,Medium
35.57226189547501,27.561802789148395,21.638574217090945,46.22789545794091,Cotton,Sandy,Maturity,10.93,Low
22.1336866248442,43.72024545371261,29.783991208076475,25.5756149506993,Wheat,Clay,Flowering,0.0,Medium
21.292043029215193,76.1809975705869,4.0307702584800875,49.14618071287862,Rice,Sandy,Vegetative,19.42,Low
33.2838657892037,60.04340503585106,46.978429451258286,32.13274241302166,Cotton,Loamy,Seedling,0.0,Low
33.51587804025266,55.88674081694915,37.75668087225979,34.26333711713108,Cotton,Clay,Maturity,0.0,Low
35.935747537455164,40.54421762456852,29.331195914183134,48.89547033742684,Cotton,Sandy,Flowering,19.09,Low
38.15228334306654,85.22276036029714,41.42193354694954,29.118166553081394,Maize,Sandy,Seedling,0.0,Medium
44.396301986563365,47.79105288660342,4.009337840605665,32.15636726614572,Sugarcane,Loamy,Maturity,23.03,Medium
32.907508707529885,26.096493675704004,23.84194388665622,28.809523438481108,Wheat,Sandy,Seedling,0.43,Medium
28.073911823531148,63.19465612824609,31.50465634308317,28.367025763864,Sugarcane,Clay,Maturity,0.0,Medium
39.87965486921759,27.968687543362098,41.43264530591446,36.29732884507297,Sugarcane,Loamy,Seedling,0.0,Low
26.770806281551856,44.165619996118444,39.17347800246338,50.43997222505754,Sugarcane,Loamy,Maturity,0.0,Low
30.9742855176409,55.51883571024662,13.853462485669981,28.088415596128293,Cotton,Clay,Maturity,0.71,Medium
21.961409533556647,81.1955767279623,47.04400847796021,36.21273602688683,Sugarcane,Loamy,Seedling,0.0,Low
20.633768585386438,54.548260623808304,6.217292071543517,43.53636627213004,Maize,Sandy,Maturity,6.21,Low
44.06621036694813,69.15811362221649,43.75668093105761,23.47197231518275,Rice,Sandy,Maturity,5.71,Medium
40.89950301280514,89.49717872993493,48.547012480230926,23.87614024511963,Cotton,Loamy,Maturity,0.0,Medium
37.39935515234245,29.204238392858713,8.857676161131279,56.67065635117274,Wheat,Clay,Seedling,0.0,Low
30.223823610356746,39.231206786366364,36.10330321018927,46.17672866655443,Rice,Sandy,Seedling,1.79,Low
24.332358001771144,47.62032529183524,2.014275938899923,38.85933381116544,Rice,Clay,Maturity,11.01,Low
23.91092606677715,49.527972497718196,20.271141256957748,42.3860027210306,Rice,Sandy,Maturity,12.61,Low
26.256072454114882,48.771475268588205,25.8141649598837,11.46497215517092,Sugarcane,Sandy,Seedling,3.83,Medium
33.730666617653014,83.53277017895884,29.032261295481703,40.905148278084845,Sugarcane,Loamy,Flowering,13.27,Low
37.86489806750156,69.98228511267996,46.79686241242798,35.47544366121009,Cotton,Loamy,Maturity,0.0,Low
36.50493441794328,62.553364986349266,33.61253436470973,37.287483988971786,Sugarcane,Clay,Flowering,8.35,Low
26.99834742364857,41.65609025039475,24.06389756096185,27.971191341540855,Sugarcane,Loamy,Seedling,0.0,Medium
43.87163201657985,77.66532689549064,40.48375181329447,14.073694885647095,Sugarcane,Sandy,Maturity,5.92,High
38.44742291739421,86.85423580394922,47.526641047720446,19.66696168060261,Cotton,Sandy,Flowering,7.53,High
33.85885131278502,77.48387977851586,1.1033074341145421,57.537235660633584,Cotton,Clay,Seedling,0.11,Medium
35.2930186558588,20.109557363403102,49.126063612801936,30.4349781135467,Maize,Clay,Flowering,0.0,Low
30.490001560694747,64.54809591283849,4.3066069531840165,33.334157791543205,Maize,Sandy,Vegetative,13.74,Medium
26.193274737528938,23.57947670094705,40.71933896343807,12.63548949267195,Maize,Loamy,Seedling,0.0,Medium
28.89931696628154,38.03250542336053,14.016737627570624,11.878311477199029,Maize,Loamy,Vegetative,12.3,Medium
38.94615276160923,24.16672902434402,6.608982887693587,45.85907235233788,Rice,Clay,Seedling,11.62,Low
20.359837215743898,62.265681706457144,21.992781985691746,36.90473320605557,Rice,Clay,Seedling,0.0,Low
22.901816012672906,68.06129394448247,32.19782897238068,35.435299210813334,Maize,Sandy,Maturity,0.0,Low
21.15006605054382,28.01413466461336,19.04759225117375,22.156226521133433,Maize,Sandy,Vegetative,10.06,Medium
21.018220057974254,46.86872181314857,2.728270414134948,47.23753658149611,Wheat,Clay,Vegetative,6.16,Low
41.38651460027518,51.93655562688794,29.97305698293583,18.411828955424596,Rice,Sandy,Vegetative,33.21,High
37.591446484500594,45.83371152326416,45.120163805533736,19.496737183051003,Wheat,Clay,Seedling,0.0,High
31.85434572718313,28.471750033963513,19.160768297362583,33.035608567413774,Wheat,Clay,Vegetative,0.0,Low
22.445854016275035,49.326345313123284,10.816638881541351,24.313993105597046,Sugarcane,Loamy,Vegetative,11.79,Medium
32.29039687792081,72.58246334658926,22.12886729664077,22.37314906165732,Cotton,Clay,Maturity,0.0,Medium
31.836794269514144,24.970536517327883,2.4181355524390433,42.26188222766658,Rice,Sandy,Flowering,54.62,Medium
24.33004674775038,25.61260098573324,41.02437922401374,42.54858726092723,Maize,Loamy,Flowering,0.92,Low
30.846291230949326,44.833990428518895,41.317040547509336,51.22585348999646,Maize,Loamy,Vegetative,0.0,Low
29.962618359934336,85.92079981332475,29.400023171481422,30.885428348648794,Cotton,Sandy,Vegetative,4.83,Low
35.396252451305415,66.80008527060399,17.655144446919476,13.654254551307512,Rice,Sandy,Vegetative,28.44,High
35.877341271691094,67.50689696707954,39.989168222289166,23.683319246072884,Maize,Sandy,Vegetative,3.15,Medium
21.132600244301113,45.33439935865054,27.73435123941836,59.000273159840845,Maize,Clay,Flowering,0.0,Low
29.36531536566178,61.55625538459769,41.29661542750081,39.812928761635106,Sugarcane,Loamy,Maturity,0.0,Low
35.64649789285591,20.709182881942038,31.57293962915103,45.48685424005102,Wheat,Clay,Seedling,0.0,Low
32.578406464502194,64.52672324866796,39.22027366063986,10.367891481270727,Maize,Clay,Vegetative,0.0,Medium
41.41224602970806,83.93008633033656,29.928149660888,35.91028660912605,Rice,Clay,Vegetative,4.25,Low
36.46734079047363,62.88014278413734,20.70705341078331,11.876432876590156,Cotton,Clay,Flowering,11.55,High
24.073360677035744,81.15890154264414,47.89729299630688,38.461510604572396,Sugarcane,Loamy,Vegetative,0.0,Low
21.764218685010746,70.67811388262658,27.05569124394224,56.038542481803766,Rice,Loamy,Maturity,0.0,Low
36.06048195515789,28.43908914825832,30.25447592702692,58.420956525020394,Sugarcane,Clay,Maturity,0.0,Low
20.662782763540545,83.17173151000893,11.024381970737462,37.02763376944621,Wheat,Sandy,Vegetative,0.0,Low
34.64438953183658,24.65106910490424,31.282539471363823,32.9102402626108,Maize,Loamy,Flowering,13.22,Low
43.50575603562394,57.377723078343465,28.580382474147193,57.2508547124247,Rice,Clay,Vegetative,10.64,Low
34.386854446896976,29.949598665542037,9.241919897351247,43.68049159983475,Cotton,Sandy,Vegetative,24.11,Low
29.70424815516305,20.819462751163286,2.979354867657186,13.244963976920474,Wheat,Sandy,Flowering,33.5,Medium
36.082205461058834,49.54239820893473,30.217965985738555,33.28627888337488,Wheat,Clay,Maturity,0.0,Low
31.456322262287916,40.652849535790935,38.18461346751603,22.012250923215195,Sugarcane,Loamy,Seedling,0.0,Medium
33.64041973289837,54.02003456583221,26.17006854610041,33.49021607243408,Wheat,Sandy,Vegetative,6.94,Low
43.53662021941313,60.40399207141856,11.338631265982285,32.773278600318086,Rice,Loamy,Maturity,15.69,Low
29.652565945019354,23.061735061626315,33.326098834651745,39.107240140737105,Sugarcane,Loamy,Vegetative,8.33,Low
44.029764095597855,28.610230658662196,4.0052863304801125,27.838524517462563,Wheat,Sandy,Seedling,18.47,Medium
42.63376604890159,59.10496775152978,22.091685240097732,18.213522472796402,Cotton,Clay,Flowering,12.77,High
24.89477836973241,44.021714722086074,8.16833791992101,35.185971729497815,Rice,Sandy,Maturity,17.57,Low
21.734032521879136,71.04214412846136,9.222952552994169,51.5101442172881,Cotton,Sandy,Seedling,3.6,Low
22.519450034435668,65.66041540143578,10.114697457910182,43.200611403380115,Cotton,Loamy,Vegetative,2.47,Low
20.455545641288744,79.19230540929348,19.335352852198895,26.918393296260792,Sugarcane,Clay,Seedling,0.0,Medium
22.36107401889821,68.47449786684578,2.5575102810198813,56.77615113794286,Maize,Loamy,Maturity,0.0,Low
37.07516933540892,50.09517541731037,19.88967204645491,55.61037856245911,Sugarcane,Sandy,Flowering,35.54,Low
21.779716211505725,67.10766356761027,25.585372355735043,20.46741996920494,Rice,Clay,Vegetative,2.4,Medium
27.974390757344032,39.276682197879296,24.164714248316262,11.970879256018149,Rice,Clay,Flowering,20.26,Medium
41.12188277423637,41.44194491447489,19.139205020152026,47.06543541753811,Sugarcane,Clay,Flowering,18.49,Low
20.581798393395648,75.22896119445554,41.957330403537625,51.38051306745766,Maize,Clay,Seedling,0.0,Low
40.36171206472339,51.24936614811075,7.266334621025205,58.39322829756777,Sugarcane,Clay,Seedling,6.99,Low
27.046369369334997,75.88662383628468,25.2848371890687,54.49181970441553,Rice,Sandy,Maturity,2.56,Low
22.954120690541405,77.56956615677949,3.102070847827715,40.026738410320746,Maize,Sandy,Maturity,7.39,Low
37.41842913410377,80.02936363628987,3.5577839438954872,36.50261696061904,Rice,Sandy,Flowering,46.59,Medium
35.7235711694971,84.16446650888452,28.693292483854815,11.392052563129315,Maize,Loamy,Maturity,0.0,High
41.936800338176326,50.16896543593074,28.30092124439105,22.33282234223889,Maize,Clay,Flowering,7.88,Medium
38.37677609509714,42.32067728247972,43.90167564222285,32.98073758664632,Sugarcane,Clay,Vegetative,0.1,Low
40.08702325962122,60.75391226158797,27.89368378300366,41.42519500417839,Sugarcane,Sandy,Flowering,32.07,Low
27.050864314282663,45.98206964063393,47.98955102024251,37.86259166592053,Sugarcane,Clay,Maturity,0.0,Low
24.43598859449307,62.07519167601631,2.434742419996488,47.131799484084524,Maize,Loamy,Maturity,3.77,Low
38.76536879102146,69.39101038506772,4.900384239037053,23.98834654435204,Maize,Clay,Flowering,15.25,Medium
40.1708684816816,68.18835129444957,2.20329307851907,38.24763038262366,Rice,Clay,Seedling,13.53,Medium
44.76262855001683,46.218702091408495,9.263842516677002,14.407112169539607,Cotton,Loamy,Flowering,29.4,High
30.315441922785663,31.680214118912698,27.063505547083906,30.683276179160348,Sugarcane,Sandy,Flowering,30.38,Low
29.30045214481958,50.13705369235453,32.2786090713714,47.50804164773005,Rice,Sandy,Seedling,0.0,Low
39.41032401854992,29.98159008573361,2.27925789743344,44.6700426714522,Rice,Clay,Vegetative,25.1,Medium
28.520088506325447,82.30679246286658,47.298544492279966,59.53213685860895,Wheat,Loamy,Seedling,0.0,Low
43.26893314008912,44.21142225165002,42.10826883251905,23.8945562993878,Sugarcane,Sandy,Maturity,6.72,Medium
41.4603187960753,30.812182305632664,14.830624107854657,34.90946495869896,Rice,Sandy,Seedling,20.65,Low
30.72485068437546,21.781343193402563,3.859376511323398,26.476520688699836,Wheat,Sandy,Maturity,15.69,Medium
38.771776694787434,65.2075670400539,8.494353660952864,32.03015570295874,Sugarcane,Clay,Maturity,6.95,Low
38.86357185211706,64.58316222183203,6.347220687748633,52.8475064934694,Maize,Loamy,Flowering,17.43,Low
22.578096720898316,43.84229166069042,6.164188964947343,44.21045375942433,Wheat,Clay,Flowering,8.04,Low
42.56382266698917,25.01983221933557,25.928084433286696,54.12205956737908,Maize,Sandy,Vegetative,14.49,Low
32.63130931119643,48.674022642666245,12.292372124670015,20.17555541659432,Cotton,Loamy,Maturity,10.24,Medium
40.66143665269354,41.78522465443755,17.906985826457223,53.6680558920719,Cotton,Clay,Flowering,14.85,Low
28.00124002576529,67.39844478145065,49.475266669216126,12.988113708919222,Cotton,Sandy,Maturity,0.0,Medium
42.388080712405014,62.404547461688324,34.21571244626724,54.42996402185762,Cotton,Sandy,Vegetative,11.79,Low
29.73004196835408,45.5215609738278,47.44903335235007,26.453688973036396,Rice,Clay,Maturity,0.0,Medium
20.27094128700746,35.25247879784931,7.127827751655779,25.729381670703326,Cotton,Sandy,Vegetative,14.33,Medium
42.63454941048159,89.16251763089143,19.106973741628465,35.604428834933195,Rice,Sandy,Vegetative,27.0,Low
22.28216691965334,51.780113483728044,27.736590164117715,57.03450938616159,Rice,Loamy,Vegetative,3.93,Low
27.982840939760372,68.17919650461658,3.837903094436901,12.389068234070269,Sugarcane,Sandy,Flowering,30.45,Medium
43.751549176270125,29.838707730485254,0.20937218139789326,27.611548753537264,Rice,Clay,Seedling,16.76,Medium
43.7651786734389,53.991278976157844,33.521716689845874,52.82859943416678,Rice,Loamy,Seedling,1.03,Low
34.335947203082156,21.927570390862584,32.09097584007176,29.80272387177334,Cotton,Clay,Flowering,8.87,Medium
35.79593030424498,55.381858253731494,20.53944049998059,19.95784487985335,Rice,Sandy,Maturity,18.66,High
31.211138049457993,87.48121849823916,24.48220380160163,31.23970906657059,Maize,Loamy,Flowering,3.98,Low
27.330269292451614,46.89446990900602,20.77215002960448,29.277625074583465,Cotton,Loamy,Maturity,0.0,Medium
28.2166136342479,22.72972088024381,1.2002522422444428,55.77081007333517,Wheat,Loamy,Vegetative,10.22,Low
36.81296140192596,22.166905364354047,16.768580310873123,48.096718787154856,Cotton,Loamy,Flowering,23.1,Low
38.809363235942,47.159073196280865,8.854112769864491,35.255777787200316,Rice,Clay,Seedling,11.16,Low
39.78947609314621,31.20174555242358,4.921209455068437,59.41852833607855,Maize,Sandy,Maturity,13.18,Medium
39.740453569863845,21.634646742973015,47.83602169446749,33.26387656379617,Cotton,Sandy,Flowering,18.68,Low
22.280152576217258,72.93495297651238,29.967986252108282,12.911891541013762,Maize,Loamy,Flowering,3.45,Medium
32.36050761756454,52.096610621732346,36.432814211830134,23.113716090749243,Wheat,Sandy,Maturity,0.0,Medium
21.438969000416108,40.24713403808582,15.768187163305875,31.80352401096563,Wheat,Clay,Vegetative,1.37,Low
33.738222058093385,83.00582281115365,19.65735647470076,17.845131207306004,Sugarcane,Sandy,Vegetative,18.9,Medium
31.038262534334425,28.12972721403679,11.846199694836173,57.37825631620215,Sugarcane,Clay,Vegetative,9.46,Low
42.19260456895749,86.91431802687235,4.848283548271237,48.34244489088866,Cotton,Clay,Vegetative,13.2,Medium
28.77287531380197,41.977670216414694,8.95158187207919,23.41436002138863,Sugarcane,Sandy,Maturity,16.01,Medium
22.926675410690148,82.18825706160769,39.87570226482429,39.540226675895795,Maize,Clay,Seedling,0.0,Low
23.574792051320898,62.20600135356231,33.87729025918879,46.0724578554786,Sugarcane,Clay,Flowering,1.98,Low
39.03776579293681,77.86951518190412,27.346443799273846,57.0639464453399,Maize,Clay,Flowering,1.18,Low
35.45545158290653,88.8809214247325,23.754493643338403,54.081767458770535,Sugarcane,Clay,Vegetative,0.0,Low
22.528066903069757,40.1883806473122,46.12171418280622,35.759611306910685,Sugarcane,Loamy,Maturity,0.0,Low
22.102670152874936,87.2794839785315,3.6367473889334203,48.73263098965088,Sugarcane,Sandy,Seedling,5.06,Low
37.524228286478,47.263732643169426,14.030040661895798,38.107237691379254,Rice,Loamy,Seedling,11.58,Low
21.819075159104838,46.98583333158456,17.4968926785357,37.635194502277,Rice,Clay,Flowering,12.59,Low
40.546501482258904,43.8270972978154,39.12129061063939,15.737097916909594,Sugarcane,Sandy,Vegetative,21.72,High
37.65605567891241,57.89853251433097,49.62573100809857,16.306882900807604,Maize,Clay,Flowering,0.0,High
22.033719516047494,30.790153022494096,12.033525737857653,36.47668075112287,Cotton,Sandy,Flowering,24.23,Low
22.120942852129797,58.759803975060784,43.71536670685403,23.44307724895033,Wheat,Loamy,Seedling,0.0,Medium
44.66598946252938,57.91933686870028,41.53113802158956,11.051845123023432,Rice,Sandy,Maturity,14.2,High
29.356769893903007,73.3331268823409,11.23286988208833,46.14196019501061,Sugarcane,Clay,Seedling,0.0,Low
29.26605367667227,78.35549733563099,19.966629009961128,11.624329834508249,Wheat,Sandy,Flowering,12.36,Medium
40.31998918143756,50.83089452186968,20.483643464625956,39.76384205520273,Rice,Sandy,Vegetative,34.0,Low
43.68121443459647,41.16332745460456,48.91103342632792,36.95968970636572,Cotton,Loamy,Vegetative,0.0,Low
44.650026595571774,38.153442812196616,9.044595068944917,58.440734528890225,Maize,Clay,Maturity,3.54,Low
38.83445463147354,33.623668569341035,39.957898555239105,34.21065696738208,Sugarcane,Sandy,Maturity,7.18,Low
29.406489638272895,24.035330753931742,16.709635708655497,13.180071818889868,Cotton,Loamy,Maturity,4.89,Medium
22.08751791746672,43.97135851842994,36.54351728880802,37.58439839032309,Rice,Sandy,Flowering,20.99,Low
39.42867289818592,38.917338449154826,21.000550214783143,52.05480853080507,Sugarcane,Clay,Flowering,22.04,Low
33.960106243395124,87.64921701064851,28.917988155827,59.842464214071995,Wheat,Sandy,Maturity,0.0,Low
30.605550231174405,59.03961783750307,41.63058866630656,31.517158684453623,Maize,Sandy,Vegetative,0.0,Low
42.6588596273684,44.30939273213553,40.20827824919421,26.014937124837125,Rice,Sandy,Vegetative,31.98,Medium
22.779937057653783,60.63273206955872,43.321159176985006,55.33266484759994,Maize,Sandy,Vegetative,0.0,Low
32.31562760727148,29.743769094198683,2.980866267232951,19.562106453806066,Sugarcane,Clay,Flowering,27.47,Medium
20.283841119185478,51.08306244415421,34.602527651987245,40.77144575164633,Cotton,Loamy,Seedling,0.0,Low
31.716516049853155,63.83640249947447,6.999368836088143,30.285721209047384,Maize,Loamy,Vegetative,9.76,Low
21.407581892045933,54.222848225471594,20.79092840092055,12.054118247777765,Wheat,Sandy,Vegetative,5.93,Medium
22.9704479067018,48.12451604580269,27.429420752734423,27.36442371528489,Rice,Clay,Vegetative,2.56,Medium
22.93815616942762,89.56938722297888,20.136974237341537,23.26142612513373,Wheat,Clay,Maturity,0.0,Medium
36.23025755290159,81.62203335042489,25.980583790150373,44.304557697174346,Maize,Clay,Flowering,4.02,Low
38.65112198163558,63.63841707116081,49.82631543993096,57.439524884595905,Cotton,Clay,Maturity,0.0,Low
34.584219127428995,59.85641528275979,6.760865685642736,23.40235936893189,Cotton,Clay,Maturity,8.55,Medium
44.05431371186354,63.44623358772088,33.77280226682128,50.573296957584084,Wheat,Clay,Seedling,0.0,Low
29.3717644880926,34.091847547570325,19.800048319280762,12.767990846920476,Sugarcane,Sandy,Maturity,12.43,Medium
27.142802157046518,47.659642028502304,6.650489945366439,36.90605050199066,Sugarcane,Loamy,Seedling,9.67,Low
41.71497820473651,22.762167302362954,7.936838168715477,13.52750318549473,Cotton,Loamy,Maturity,18.34,High
25.589895962986315,53.28822262407787,47.46365531228084,56.70164955653197,Wheat,Sandy,Vegetative,0.0,Low
44.08056348601528,58.011720877036424,43.9800748355881,48.31756402786951,Wheat,Loamy,Flowering,2.22,Low
20.30386186724541,35.94248152722467,45.35209802075109,42.897495560229615,Wheat,Clay,Maturity,0.0,Low
44.246970667690974,87.48201930158596,49.57663879136933,51.19481908123321,Maize,Clay,Seedling,0.0,Low
21.0789977987644,83.66182276560694,10.415769500425897,42.375989778508156,Sugarcane,Loamy,Flowering,12.99,Low
42.27857784245178,70.55002648191342,17.771966868203087,58.447219858714554,Sugarcane,Clay,Seedling,0.43,Low
33.1925277271575,57.33706401357538,33.46095149624333,45.69789739323858,Maize,Clay,Vegetative,0.0,Low
44.82411990298251,80.89784117533794,24.19012699303236,56.23293047911234,Rice,Loamy,Maturity,5.01,Low
21.84491411838497,29.145664067642404,20.919476668916676,35.856594600531906,Maize,Sandy,Flowering,14.91,Low
33.84635711003302,75.33568559924194,17.890562466779652,15.853220649093132,Wheat,Loamy,Vegetative,7.1,Medium
44.23256339047747,28.73745697767938,29.68903159717261,36.40888607115086,Maize,Loamy,Maturity,2.07,Low
33.077446104253724,75.59474637845838,28.7796714320041,16.343641403154663,Wheat,Loamy,Maturity,0.0,Medium
35.73496595338156,39.30372977759499,8.072891703212004,39.62467395882025,Cotton,Loamy,Seedling,6.9,Low
37.39371722461543,81.39634067127322,23.586991875921953,34.12465302638314,Wheat,Sandy,Seedling,0.0,Low
31.36352661919433,86.08294656777785,27.673588810492493,41.12876989163908,Sugarcane,Sandy,Vegetative,9.11,Low
35.68895200210159,30.415717858358093,28.514346936569524,10.502349052741579,Maize,Clay,Seedling,0.0,High
34.607857798077504,52.387292354577546,10.50535964561759,19.742024582768206,Wheat,Clay,Vegetative,8.14,Medium
42.52895026227472,88.66911647138795,37.11356961261434,34.566521595606545,Rice,Loamy,Vegetative,8.71,Low
21.136159508536448,53.83852051812026,1.2599547410534817,57.525178079456744,Cotton,Clay,Vegetative,5.63,Low
27.024079739805757,80.44832657601816,17.741592777158132,29.180452017757922,Rice,Sandy,Seedling,5.96,Medium
43.76028710191397,61.21120654919239,39.010632426781676,31.218601302681734,Rice,Clay,Flowering,12.92,Low
42.25659459727291,46.27309355437213,28.194646052770118,45.73480445033111,Rice,Clay,Vegetative,15.07,Low
31.391418819642823,40.00484888681092,13.058121625543013,40.1896378643059,Cotton,Clay,Flowering,12.94,Low
35.50331494503842,34.22561637602611,34.74765596715238,24.94630750491666,Cotton,Loamy,Maturity,0.0,Medium
26.934529574528316,73.32587339643881,28.36954720780367,30.54081977837139,Cotton,Clay,Seedling,0.0,Low
24.703028993094033,47.05783547761195,39.81218047281936,20.884989942861623,Cotton,Sandy,Seedling,0.0,Medium
31.592460123499556,55.78928235405258,36.75125930949117,58.301072956510424,Rice,Sandy,Flowering,26.02,Low
28.833805700651318,54.46278360008274,30.505396101811733,16.531719077867987,Sugarcane,Sandy,Maturity,3.7,Medium
34.5914027962718,60.409532046319185,24.4088837655407,28.59183922832097,Sugarcane,Sandy,Maturity,10.48,Medium
21.94336592412462,80.59040019371866,6.65910628337617,11.29194861100056,Cotton,Clay,Vegetative,6.55,Medium
44.35987019165417,88.65175405084005,13.066650894269188,21.088974596677318,Maize,Loamy,Seedling,1.26,Medium
44.65526861199007,48.53089460016719,20.954973645854263,49.023556919007746,Wheat,Sandy,Maturity,8.71,Low
37.45404285049363,77.92632454744121,29.964964350319434,20.058761614443974,Maize,Sandy,Maturity,0.0,Medium
33.40240915860301,73.51694562583023,25.68539276076524,14.00317012644828,Maize,Loamy,Vegetative,3.1,Medium
27.738190407158193,60.147026601890126,14.409226297976474,33.722658992226165,Maize,Loamy,Vegetative,9.51,Low
40.344875492673715,86.92330005283532,0.32321788948552754,10.498461736725925,Sugarcane,Sandy,Flowering,38.89,High
37.11827931384698,34.0332160869882,24.811961095040697,14.238307721316659,Wheat,Sandy,Seedling,0.0,High
24.065423483622283,27.6484947216735,14.281299428112154,50.381293478148756,Maize,Loamy,Maturity,1.69,Low
42.77317961234606,79.77733768687955,36.730415035526754,48.57366724298032,Cotton,Sandy,Flowering,10.62,Low
40.56343107307923,50.74048716436238,1.1973132635241746,55.7569410202448,Sugarcane,Sandy,Seedling,14.49,Medium
43.7449978322981,79.28781979449423,29.241390565289542,52.725771795537476,Cotton,Clay,Flowering,6.88,Low
38.142987709709004,82.51631436367904,47.07371187530327,44.1587781619909,Cotton,Loamy,Seedling,0.0,Low
35.33537989839475,24.372031553335,8.720463355574976,12.616642865033143,Maize,Clay,Seedling,10.23,High
30.456075907265472,81.84253340902424,23.58247453752977,49.14243089933287,Cotton,Clay,Maturity,0.0,Low
43.31821208385033,51.38233387585955,4.5710995908569085,52.275540542028025,Wheat,Loamy,Seedling,5.16,Medium
41.65159723751021,55.73027423029625,31.28409561306763,49.954107288597726,Cotton,Clay,Vegetative,0.69,Low
21.130466752654733,63.86147577652471,27.52658402981128,35.4239517654013,Maize,Sandy,Maturity,0.0,Low
20.6591743624313,84.84678247110607,20.368276210641618,21.64509193247408,Cotton,Clay,Vegetative,0.0,Medium
29.41158417195124,21.33812661008348,26.06885107368706,52.26649878443634,Sugarcane,Loamy,Flowering,18.72,Low
40.26383326954583,53.3790427822472,44.82873292345051,46.35814048700692,Sugarcane,Sandy,Flowering,26.06,Low
44.68190323287361,68.14054297013925,9.814715115553351,59.03805871944258,Sugarcane,Sandy,Seedling,16.58,Low
23.760422277588205,70.589487038876,1.1282255852673617,17.784629887796648,Rice,Sandy,Seedling,16.66,Medium
34.853267883803376,68.47727020759756,43.083244234955046,21.28322915260275,Sugarcane,Sandy,Vegetative,8.4,Medium
29.52227141577554,29.41045905856853,28.855854119395325,20.589907494075135,Sugarcane,Clay,Vegetative,4.17,Medium
44.24785994536508,40.95769118601768,44.53292277309212,49.62698838106684,Rice,Clay,Vegetative,5.37,Low
41.05297307839272,45.110086779190944,29.84726117065863,19.345364822505907,Sugarcane,Sandy,Flowering,36.14,High
40.958217617778445,76.31060453756535,40.50805449798512,13.332991491165306,Maize,Loamy,Vegetative,0.0,High
31.717328994874258,39.51319106901871,21.483668167757397,59.92804032928143,Sugarcane,Sandy,Maturity,10.47,Low
30.37048755844163,34.74934747070422,37.49299656441344,11.240860572257457,Sugarcane,Clay,Maturity,0.0,Medium
26.835176798267657,87.02136133266673,45.6520733444928,51.762203007943285,Rice,Sandy,Flowering,12.04,Low
21.409387416273177,20.62042995794282,28.606148186110314,28.26834207753264,Maize,Clay,Vegetative,0.94,Medium
41.61805940637633,89.84745989773847,9.039257528118977,52.08077298789076,Cotton,Sandy,Vegetative,18.44,Low
40.32252522825194,67.37749092001769,13.439880751509909,37.731024560557245,Wheat,Loamy,Seedling,2.55,Low
44.992941832153264,77.9928509614382,9.93222884487029,55.08156147431801,Maize,Sandy,Maturity,7.94,Low
44.91592092684763,40.62335774423352,12.342851379786646,56.30964932073133,Cotton,Loamy,Flowering,24.77,Low
33.88579264006569,21.0020694366942,15.32077246755182,10.4549090640388,Maize,Loamy,Vegetative,17.44,Medium
39.22468537951276,71.6508662993071,27.756689337659424,13.770608799639414,Cotton,Sandy,Seedling,0.93,High
43.619143247060705,78.3901217900473,29.39958147319164,22.517936478542772,Cotton,Loamy,Flowering,16.61,Medium
41.24118476693529,71.83332923674634,21.324987362093058,43.46577081817508,Maize,Loamy,Flowering,14.83,Low
26.18370254357994,29.9995201110587,30.77103899104177,54.4136098255753,Rice,Clay,Maturity,0.0,Low
31.263603382752336,72.73995455798783,4.078746280568296,32.99709756469814,Maize,Clay,Vegetative,5.72,Medium
23.228985378787375,73.82459474753486,4.389411852907998,40.34865581371327,Maize,Loamy,Flowering,10.18,Low
43.85127568146806,66.09783609690385,8.591473017882922,19.424992639778058,Cotton,Sandy,Seedling,14.64,High
35.154365861272,73.62811529569103,25.903874902017236,50.24834169408427,Wheat,Loamy,Seedling,0.0,Low
25.71607013758657,79.21450077744126,10.699733934915677,58.36640556767349,Cotton,Sandy,Flowering,13.51,Low
36.79251711014642,62.95228799662209,14.164220174628866,23.429946645729874,Sugarcane,Clay,Seedling,5.34,Medium
35.45320601144739,26.202329977877532,20.015641808649704,34.741297580027314,Maize,Sandy,Flowering,25.46,Low
28.954067950821013,54.13394667670476,40.59330620051899,14.30580552531869,Maize,Loamy,Seedling,0.0,Medium
22.838939804990726,25.435453427012355,0.6931067956430059,37.95683282314842,Rice,Loamy,Flowering,31.08,Low
36.78932988981999,48.52801217227016,32.46894101183112,35.13917209233403,Cotton,Loamy,Flowering,10.46,Low
33.00769252259483,48.497454238793935,33.44382655203427,17.22182420775388,Rice,Loamy,Flowering,26.05,Medium
39.30795979339098,24.62068908981691,39.93278901783183,32.103310655903755,Maize,Loamy,Seedling,0.0,Low
33.00408752779983,44.41743737786355,46.63764695301566,26.705232604328163,Cotton,Sandy,Flowering,12.09,Medium
41.3045375079635,27.769866915392036,1.0068924474644914,36.091543765259466,Cotton,Loamy,Maturity,15.38,Medium
33.79767096936214,76.57646470064554,7.689185275660809,39.28271677143996,Sugarcane,Clay,Flowering,15.64,Low
34.023449288384654,86.33816181751295,44.30856470279965,10.424778930360475,Sugarcane,Loamy,Vegetative,0.94,Medium
41.91634006645863,25.062153268055702,22.925928109350767,48.050299147477766,Wheat,Sandy,Vegetative,18.55,Low
30.087071655309927,86.8580645104191,28.229531946673177,45.65071459308704,Sugarcane,Loamy,Maturity,0.0,Low
23.35038071126602,56.58036195357216,33.15136018615737,28.31431931032611,Cotton,Loamy,Flowering,0.55,Medium
20.719566907833475,40.96959745677117,33.95333022478187,12.646796778440912,Sugarcane,Sandy,Vegetative,13.42,Medium
38.87843139184048,25.380345269331446,46.58702016582541,47.74662698925252,Wheat,Loamy,Flowering,3.85,Low
35.507738783836615,55.043698764929246,49.847470870583486,57.75875802390662,Maize,Sandy,Vegetative,0.0,Low
37.60199420248059,75.61608811435241,36.00787304654701,22.00757980110071,Sugarcane,Loamy,Seedling,0.0,Medium
25.32410403772277,69.49605340866887,14.36106046025754,26.176230686851895,Cotton,Clay,Seedling,0.04,Medium
23.409286889669243,23.515820802478164,43.98762011471718,19.190644474090746,Maize,Loamy,Maturity,0.0,Medium
20.36361664169705,25.103128475753245,2.4610457270380803,38.84680616724198,Cotton,Sandy,Maturity,10.26,Low
28.764688970164926,48.201129784284596,11.55404264372481,17.742069732372748,Maize,Clay,Flowering,11.24,Medium
34.74794217136583,40.67033458335603,44.869285873185746,27.809697173068972,Cotton,Sandy,Maturity,0.0,Medium
29.806101127493307,36.26690261392335,12.809575721967747,44.850650696713146,Sugarcane,Loamy,Flowering,23.14,Low
30.936873050593228,39.67031492360995,11.032552981087424,38.005799150467425,Sugarcane,Clay,Seedling,5.97,Low
42.60396736234371,76.24379203078192,6.906264657012362,29.32312821639676,Wheat,Sandy,Seedling,10.32,Medium
28.706386675582507,85.04596375422977,42.955587882345824,31.012480090377096,Maize,Clay,Vegetative,0.0,Low
32.84973722899527,48.35718861692965,25.002912959554337,38.10554413116148,Wheat,Clay,Flowering,4.37,Low
39.591325318528575,83.42777014927479,33.74466015270774,10.293236394358065,Rice,Sandy,Seedling,4.83,High
29.913569558031753,42.50469908735174,11.953319203751484,13.925493422680493,Sugarcane,Clay,Seedling,4.18,Medium
35.552167505696836,53.350589044065416,37.902021050560826,54.06290338815058,Maize,Sandy,Flowering,13.67,Low
41.55909271866863,35.82202984711998,38.00027724810492,13.893949454564538,Wheat,Clay,Vegetative,0.0,High
43.738015591441055,64.83332295230908,15.629901245415006,45.34017981052526,Wheat,Clay,Vegetative,1.52,Low
23.67683702322595,88.52867806223662,20.53413165051414,56.00190820545263,Rice,Clay,Vegetative,0.0,Low
43.16469062903736,62.244516723036504,10.484513871510043,23.534180215086558,Wheat,Loamy,Vegetative,14.76,Medium
32.30290732698845,45.04698588794842,48.828051166145215,28.52457185297571,Cotton,Loamy,Seedling,0.0,Medium
26.45610970747396,65.34722121933699,32.28012885292058,38.44607029223582,Sugarcane,Sandy,Flowering,13.75,Low
31.478393905956533,28.60444749257713,46.727194035775774,54.085448481929234,Wheat,Clay,Flowering,0.0,Low
44.50081438213692,82.2061356185779,15.169277181456659,57.09527936302101,Wheat,Sandy,Seedling,0.0,Low
32.31545234982174,55.21587655458855,39.094545649844484,46.9781624055634,Rice,Loamy,Seedling,0.0,Low
28.218790257187706,51.45448194277495,38.2929321942371,14.330988042734703,Cotton,Loamy,Seedling,0.0,Medium
35.835021357918144,61.01053519174634,34.582782593327074,43.45770777674254,Wheat,Loamy,Maturity,0.0,Low
26.003640469454826,63.73487039525817,48.28194876334002,30.515186093633105,Sugarcane,Loamy,Flowering,1.83,Low
21.8965832027166,25.024306435855912,19.677766805315777,33.535049974553075,Sugarcane,Sandy,Flowering,25.91,Low
23.22199304776623,67.78320548563818,6.535866179487865,12.457419517258852,Wheat,Clay,Flowering,9.19,Medium
23.20114597394431,36.935217622087066,33.58544296220304,19.55310696731791,Cotton,Sandy,Vegetative,5.49,Medium
23.797567337807358,69.97668427546128,36.46549002386031,49.52568037668239,Sugarcane,Clay,Seedling,0.0,Low
23.470679316235255,77.57743560689377,28.753028672940733,32.697941652392984,Sugarcane,Loamy,Seedling,0.0,Low
36.02186862008037,76.27709552867643,10.340894656669814,25.083112081557445,Cotton,Clay,Seedling,0.35,Medium
24.54700210997862,58.67506771855224,25.222797083467768,29.200953698247908,Cotton,Loamy,Maturity,0.0,Medium
28.64168208309658,56.41189246175258,15.60948682845647,52.71997566628401,Wheat,Sandy,Flowering,14.52,Low
42.4197102476503,30.00131729375882,21.373326408334453,47.44995087024785,Maize,Clay,Seedling,0.0,Low
31.84904100657181,74.27423052821949,32.260928792233194,23.61576985905414,Rice,Sandy,Maturity,6.93,Medium
36.68894346302568,38.99865663127001,37.26073713454173,15.875092010618665,Maize,Loamy,Seedling,0.0,High
24.307996780040746,54.76867959725626,11.611234545067155,22.599911082203583,Maize,Sandy,Vegetative,15.13,Medium
24.80722547021677,39.89918650492617,20.266268032347668,56.037822552736685,Sugarcane,Loamy,Flowering,13.48,Low
21.021715406661972,29.36798540997852,13.45807854958146,39.079441892487765,Cotton,Loamy,Maturity,1.43,Low
24.223376576804114,64.06903878242156,9.931580693093455,36.67401043723915,Sugarcane,Loamy,Seedling,4.28,Low
26.964758475798966,23.803242437603267,39.16936099979192,39.81967998462308,Rice,Sandy,Flowering,30.45,Low
24.42526210691867,72.405166388834,45.46263472184962,28.30141328732576,Wheat,Sandy,Maturity,0.0,Medium
22.21756334392639,42.231075668278166,18.511609284228836,50.355351015975636,Rice,Clay,Flowering,13.44,Low
23.01589677751502,20.009428510313974,37.56394621868834,36.164312465012486,Sugarcane,Clay,Flowering,6.18,Low
31.519469200818143,55.77903974660609,44.849764468220556,15.837395138439778,Sugarcane,Sandy,Vegetative,11.2,Medium
25.158342960144815,23.279633596932218,42.30621052651158,16.453256241453147,Sugarcane,Sandy,Flowering,22.34,Medium
29.10674652620189,39.33186904746296,9.140669426961296,36.84295732513092,Sugarcane,Sandy,Maturity,14.57,Low
32.58543177137142,69.48835412190013,47.81459407566807,56.82851090354196,Maize,Sandy,Flowering,0.86,Low
37.25987071573413,24.38827351353061,18.833822021473125,25.417606083809936,Wheat,Loamy,Maturity,4.9,Medium
20.982803496027472,78.75369446492016,16.962033058691816,53.47705844296092,Maize,Loamy,Flowering,1.74,Low
39.98525997272607,20.267394586100817,3.1215663638890168,48.204779328943964,Sugarcane,Loamy,Seedling,17.66,Medium
35.697509737272696,37.277670844133155,24.30868270524415,22.390622145345343,Cotton,Sandy,Vegetative,15.64,Medium
22.043975798721796,71.863283930645,5.450680782046435,11.817037415812123,Maize,Loamy,Seedling,2.38,Medium
41.839465602669435,42.138910481051475,12.426991046371299,15.092363257119137,Sugarcane,Loamy,Vegetative,28.25,High
43.02181001329533,27.132467164620948,15.847131088364069,46.42469669237201,Sugarcane,Clay,Maturity,5.06,Low
21.526948996371594,45.216374316029956,40.4413161745842,19.983486902032332,Wheat,Clay,Vegetative,0.0,Medium
26.921941203680092,38.927530046916786,43.77443251979483,28.56354602526969,Rice,Loamy,Flowering,13.28,Medium
40.15503199482653,78.98983315123884,15.123315873073484,35.08495830032124,Maize,Loamy,Flowering,11.77,Low
38.70649225959146,41.93435423096002,42.93490606222869,46.27340842250814,Maize,Loamy,Seedling,0.0,Low
24.613025483909432,75.2252730243205,42.861546868489555,15.661561162956268,Maize,Sandy,Vegetative,0.0,Medium
25.233733083417757,82.43105013675142,38.232547519243674,30.318320263873073,Sugarcane,Clay,Maturity,0.0,Low
29.26180256978455,50.36721937035706,7.334755700759077,34.253645457134766,Wheat,Clay,Maturity,3.84,Low
32.11307462977553,83.69602006980745,34.51614234503645,37.041353198576985,Sugarcane,Clay,Flowering,4.0,Low
35.4563692882574,46.4122637774235,47.25120322902844,50.918032069760834,Sugarcane,Loamy,Maturity,0.0,Low
29.22284098924431,87.48548915430757,34.12702393835785,18.583909752160846,Cotton,Sandy,Flowering,12.62,Medium
31.563367903328697,26.250266716790104,16.580842455391696,50.39157259133111,Wheat,Clay,Flowering,6.78,Low
38.68677345334392,68.091348655227,25.028965871541565,44.64392138483261,Maize,Clay,Flowering,3.95,Low
20.917080072264948,54.56698283198501,32.28625216755268,37.79354070994796,Rice,Sandy,Seedling,0.0,Low
26.31092360860052,47.1354163818953,25.52852043642518,44.976393520128596,Maize,Loamy,Seedling,0.0,Low
37.83373964711381,64.28983151240206,5.997647086548491,30.60088694758282,Sugarcane,Loamy,Flowering,29.83,Low
42.38017094217999,69.26999641440318,15.603202232601031,16.91987929840623,Wheat,Clay,Flowering,11.17,High
32.79193605289166,20.305428875521635,40.119801527681624,43.288262013268366,Wheat,Clay,Flowering,0.0,Low
33.30283713163289,31.68671621230391,43.07090230477587,36.23361533428111,Wheat,Sandy,Maturity,0.0,Low
22.679300283494403,69.91322354440231,6.865001635778512,41.96874002713878,Cotton,Clay,Flowering,7.76,Low
31.185309170586365,66.64697895047445,47.61933761993623,26.8999390514245,Maize,Sandy,Flowering,1.99,Medium
33.31543166137558,87.62332535900741,16.441130892430465,55.3433288669918,Cotton,Clay,Vegetative,0.0,Low
26.06176259086824,73.2726453175548,33.115686936536,39.36849342877885,Rice,Clay,Vegetative,0.51,Low
26.731080773734526,86.55408954119366,37.591257297834055,14.270124214543692,Sugarcane,Clay,Vegetative,0.0,Medium
29.432104077615566,69.1778351074365,40.59731173189417,32.490199535221436,Cotton,Loamy,Vegetative,0.0,Low
20.501779944443157,40.863654604761024,47.287485111296505,47.817802737181715,Cotton,Sandy,Flowering,0.0,Low
28.05197913957946,27.375544557559955,15.64597740144113,49.706728086613616,Sugarcane,Sandy,Vegetative,22.36,Low
25.286200174913617,74.7276704341455,42.92532272757772,34.729852638187936,Wheat,Loamy,Maturity,0.0,Low
28.187433804447867,65.09044550331411,6.584345171810352,54.73737854156505,Sugarcane,Loamy,Maturity,10.45,Low
22.99405329548128,23.373020867530737,35.25204531767964,23.38342185971488,Maize,Loamy,Vegetative,1.33,Medium
42.263182018497375,45.20353261306848,37.098886475699295,30.52993486191333,Sugarcane,Sandy,Seedling,5.78,Low
34.83981133885122,86.97598708390004,33.88616206006602,54.9298455284485,Wheat,Clay,Maturity,0.0,Low
36.97755797861224,55.02808019971408,12.61573680675765,54.81283582357894,Sugarcane,Loamy,Maturity,10.0,Low
39.729280965183456,50.291039521379325,43.65215735076017,44.28563844123404,Cotton,Loamy,Vegetative,0.0,Low
32.46105497322643,52.03897236115058,8.44292316851975,52.94902735611101,Rice,Loamy,Vegetative,23.23,Low
22.17300720218559,34.62179068036146,2.681739576041542,14.438663347811634,Cotton,Clay,Flowering,19.16,Medium
33.427663545463695,45.80950196053567,35.87324953059561,53.249748810388816,Rice,Clay,Maturity,0.0,Low
34.671027950521975,45.88692791910236,23.773785761636685,26.030995327511338,Sugarcane,Loamy,Vegetative,12.08,Medium
38.63598685460825,23.664851413123067,42.454900997933805,18.916575621410814,Maize,Clay,Vegetative,0.0,High
30.791488655741986,73.72973399625428,19.16985705291295,21.96849181710232,Sugarcane,Loamy,Flowering,16.18,Medium
23.189507569889095,49.15531023327153,8.413929425385641,30.898425400694354,Wheat,Clay,Maturity,0.0,Low
27.09439764496811,77.55259207714963,41.82210962349349,22.55960023022336,Sugarcane,Sandy,Vegetative,0.0,Medium
29.077057409965878,79.52436007839268,27.445481582003584,26.02837930082495,Rice,Sandy,Flowering,24.66,Medium
36.147931033290035,34.839583828906065,9.459789619517744,16.748924303582104,Cotton,Clay,Vegetative,13.83,High
34.269457616722796,66.01474375190901,36.01919992932229,24.808838277949924,Maize,Sandy,Seedling,0.0,Medium
28.902418147446156,53.05972629140872,25.555681924475028,38.61419072710006,Sugarcane,Sandy,Seedling,6.39,Low
44.66288121982449,81.61097165450396,30.215649112015992,32.092685404553194,Sugarcane,Sandy,Vegetative,19.69,Low
35.14437048392218,35.10184754235179,23.044916910329093,27.33593806179556,Cotton,Loamy,Maturity,3.56,Medium
25.93066979339986,67.4469240217031,41.43544919090032,47.3226064428557,Maize,Clay,Seedling,0.0,Low
22.544561815510093,62.54264855769058,41.47813578415249,54.6754985696659,Sugarcane,Clay,Flowering,0.0,Low
23.821478479608302,40.671103430028296,35.46944109121931,47.83946114511985,Sugarcane,Clay,Vegetative,0.0,Low
26.148943209612703,29.562063255582082,5.270068869823113,26.600035105883958,Rice,Sandy,Flowering,45.2,Medium
24.017034331488894,65.61478323340936,41.942693095203445,47.22210839187768,Rice,Loamy,Seedling,0.0,Low
24.664175601282643,71.70182206926314,33.55064902664549,17.599009123702558,Wheat,Clay,Maturity,0.0,Medium
27.127379217346178,42.0939140634345,34.85120830021498,16.515899404564546,Cotton,Sandy,Flowering,13.58,Medium
24.33433988236887,65.13828228156197,18.149142020193583,27.281351851807948,Maize,Loamy,Seedling,0.0,Medium
42.41913561566063,47.65916353280523,43.963977807850334,50.38511845220285,Sugarcane,Loamy,Seedling,0.0,Low
22.005843641541055,69.92448182978325,36.26858001174288,22.317412362115093,Sugarcane,Clay,Seedling,0.0,Medium
33.11278473925637,33.94506924258371,5.629523326459723,13.16267044493398,Wheat,Clay,Flowering,16.07,Medium
30.259920674741537,82.3150501845322,20.388901720308134,16.585476760317754,Sugarcane,Sandy,Seedling,7.92,Medium
44.559465422715164,40.118671752590586,44.319018098007085,52.93724842647901,Cotton,Clay,Vegetative,0.0,Low
22.80097255420131,45.7450191429307,2.3598350848689496,41.68916423736438,Wheat,Sandy,Seedling,6.29,Low
29.946389976143543,24.066436645624485,48.07083098210248,22.660058168498836,Cotton,Loamy,Vegetative,0.0,Medium
44.236760831884226,27.805854862489348,33.95812841597814,37.76479126640906,Wheat,Loamy,Maturity,0.0,Low
41.637678147349504,56.11033318986297,31.56879888216883,36.378981121267515,Sugarcane,Loamy,Vegetative,13.46,Low
40.426801773731995,38.73148737095801,13.52796282439957,42.771798922033064,Wheat,Loamy,Maturity,4.14,Low
26.447570676123497,78.4836158019536,12.439589436958853,21.659377721080816,Rice,Clay,Maturity,0.4,Medium
24.272189684751645,21.028537205846767,47.102910974429776,53.22014935971988,Maize,Clay,Vegetative,0.0,Low
36.71608049811077,46.536583407035536,14.913622711706138,25.468428104000644,Sugarcane,Sandy,Maturity,18.79,Medium
43.23439972818964,43.61418827383649,38.77526483594997,44.70658269881184,Maize,Sandy,Vegetative,5.66,Low
33.919072325348246,21.35293416423207,19.65608991035396,10.806232318610745,Sugarcane,Sandy,Flowering,44.92,Medium
34.2903172367475,28.705787930035715,6.962703539235199,28.63285649470736,Maize,Sandy,Maturity,14.77,Medium
26.999477341507102,48.95498724430447,0.5357648847679475,27.585490897940414,Rice,Sandy,Vegetative,33.85,Medium
39.23732332979842,54.50052091132127,27.21286685076254,37.17422142915072,Maize,Loamy,Maturity,0.0,Low
24.676093713938084,48.30028230784084,48.78894092744663,13.636813088859824,Wheat,Loamy,Seedling,0.0,Medium
28.09198091010609,57.16563748884657,18.456809690460226,49.506568686305414,Maize,Loamy,Vegetative,0.54,Low
30.635910965410417,61.659217243397705,17.859616699652243,20.889040088378426,Sugarcane,Sandy,Seedling,7.89,Medium
32.690259467111375,20.694667478948496,17.204580892472105,43.85189074410051,Cotton,Loamy,Maturity,2.38,Low
26.060243310377004,52.486661161745275,26.027191865242923,50.16060616220466,Maize,Loamy,Maturity,0.0,Low
22.87092061848009,87.44494686213118,22.033244171214676,38.09384781207565,Maize,Loamy,Flowering,1.34,Low
35.265501061040816,56.33225960906841,43.99573133635072,47.044160336099274,Maize,Loamy,Vegetative,0.0,Low
27.215763831006395,67.42795872212673,25.276039586174516,43.09301561075028,Sugarcane,Clay,Seedling,0.0,Low
34.530955535565305,41.83047005418182,25.38789190942844,27.77648985760038,Maize,Sandy,Flowering,19.62,Medium
23.859067881855058,74.17939647069338,6.91857973602783,50.44292695167827,Sugarcane,Sandy,Maturity,7.92,Low
32.02850254637043,74.10450373132807,49.136977045519295,24.735068494276398,Sugarcane,Clay,Maturity,0.0,Medium
33.314735813789646,56.490723335789724,12.498644543441484,38.56064588757586,Cotton,Loamy,Flowering,16.86,Low
21.295588420560673,88.32096762954495,3.668203372980133,47.26988695707698,Wheat,Loamy,Seedling,0.0,Low
28.415106954848014,28.788515033385735,33.15731244876044,28.94779549062538,Sugarcane,Loamy,Maturity,0.0,Medium
23.360366923474356,21.18633654227067,29.768318507843635,25.138380380871254,Rice,Sandy,Maturity,8.59,Medium
21.584374261819192,73.91107482299671,20.757282699637287,32.96730050864114,Maize,Sandy,Vegetative,0.0,Low
44.74900580974863,76.50088761554179,21.1096116940339,50.89817471745768,Rice,Sandy,Flowering,44.55,Low
28.058846124368074,28.414506038440337,39.253196052321556,56.49608815728324,Maize,Sandy,Maturity,0.0,Low
40.24686114636587,38.590798307102425,9.785632004982453,37.25417064299451,Cotton,Sandy,Seedling,12.67,Low
26.366016369094098,21.228665435664023,41.012665947244486,43.073310266182595,Sugarcane,Clay,Vegetative,0.0,Low
37.03756805559823,40.53160275463953,32.437355694750906,55.16368111194571,Wheat,Sandy,Flowering,12.54,Low
39.00569649724216,74.119931174307,20.94848868897622,14.92734257064712,Sugarcane,Loamy,Seedling,5.79,High
34.89096851519611,56.25723693988053,22.90143082919343,21.60392889330825,Maize,Sandy,Maturity,3.84,Medium
31.78940471375396,44.36669152178017,12.83236035930479,45.445000312579126,Wheat,Clay,Flowering,5.21,Low
30.296022853681713,46.02175064344312,37.60571663484874,51.18722309561498,Sugarcane,Loamy,Flowering,14.75,Low
28.721706663574885,20.09475380008277,25.643737115263388,52.851451416528896,Wheat,Clay,Seedling,0.0,Low
43.23822860619565,40.98603692956651,16.04272713749218,30.75535884274663,Maize,Loamy,Flowering,19.75,Low
40.76548519469323,65.25211191465513,29.80250578804751,14.466995114593342,Cotton,Sandy,Seedling,2.51,High
44.12567276666282,88.193611067145,49.78672260256615,31.889073864980997,Cotton,Clay,Maturity,0.0,Low
23.10743058713862,79.29425788887296,21.763113982827694,21.53672951035269,Sugarcane,Loamy,Vegetative,0.85,Medium
38.27168688009111,21.651647525187038,46.03457003893098,24.55982274983121,Rice,Sandy,Seedling,7.21,Medium
43.458511420525944,82.89924232723875,17.250841996228306,48.61337784187529,Maize,Loamy,Vegetative,9.48,Low
24.530826654141503,74.82388893090382,2.7366353462492943,13.776354301294344,Sugarcane,Clay,Flowering,16.02,Medium
21.662406684169436,74.62632864996863,10.212105318421443,51.379060874035105,Sugarcane,Clay,Seedling,0.0,Low
38.528016232251474,52.05970313025,20.93475716638421,31.383454291208455,Cotton,Clay,Maturity,0.66,Low
34.3618278294978,47.8603705068152,10.981746429728451,39.80319655502976,Wheat,Clay,Seedling,0.83,Low
41.0457194189568,41.204101018323485,0.011351910912776875,14.482611561783951,Maize,Sandy,Seedling,16.5,High
23.494309415657238,24.598640126805606,45.75007688737636,26.867953917863982,Wheat,Loamy,Seedling,0.0,Medium
39.88168279649726,35.976475444558936,42.19397056154645,14.48504595074229,Maize,Sandy,Vegetative,13.94,High
25.040683001193614,37.262254448461725,37.11461157434736,58.07718614405548,Rice,Clay,Vegetative,0.0,Low
24.091398571642614,53.88539487971411,8.390729782301431,50.36308246631252,Cotton,Loamy,Flowering,10.75,Low
24.106644948274823,72.32110846176857,6.018178810499303,32.98163771782301,Rice,Clay,Flowering,16.98,Low
40.364368005784556,53.166687987856264,3.3802374736191574,21.180127416183556,Sugarcane,Sandy,Flowering,50.14,Medium
36.629930517405,24.049111461301244,36.20145943864606,56.67275526249261,Cotton,Sandy,Flowering,22.41,Low
33.076635619227986,87.04528606917427,46.44039803439426,27.22982978634859,Sugarcane,Sandy,Seedling,0.0,Medium
28.970762103087562,85.99070233658786,21.526791045651848,18.049221584368738,Rice,Loamy,Vegetative,9.49,Medium
41.930013520327705,74.9632680203886,5.957033599802408,38.15821942269774,Maize,Loamy,Vegetative,16.71,Low
29.811127685565886,89.39295310949544,25.61964103660533,57.188706017240804,Sugarcane,Clay,Vegetative,0.0,Low
40.41498598678943,58.113763296018405,17.441595372931506,10.191514525016128,Wheat,Loamy,Vegetative,8.14,High
30.97837271425546,87.39378451772443,18.741246217499885,21.90624216269994,Maize,Loamy,Flowering,10.45,Medium
29.423610735622688,25.292352843172555,31.066531207785363,56.92238202052038,Maize,Sandy,Seedling,0.0,Low
31.56699464174016,45.59765237829599,35.93590566311012,18.554298342858104,Rice,Clay,Vegetative,5.6,Medium
27.534446854103553,35.776688760473604,5.530179943658043,15.662172581990994,Rice,Sandy,Maturity,25.99,Medium
38.69023450440628,33.708315889398904,1.7795115403238193,38.509360789990225,Cotton,Clay,Seedling,11.99,Medium
32.56800975231198,29.856206422487325,49.71651513428574,53.09219116474149,Cotton,Clay,Maturity,0.0,Low
25.80531737867043,63.56895490961976,11.636417445777592,33.85549088469631,Wheat,Loamy,Seedling,0.29,Low
42.48936433186421,74.69252990231135,2.6915262454229536,59.72821283422624,Maize,Sandy,Seedling,13.41,Medium
29.597280534330284,60.480887959425246,9.493766454795999,43.958584976899644,Wheat,Loamy,Seedling,1.64,Low
33.58882152784972,30.28738967117468,1.947892317423211,13.703745360522387,Wheat,Loamy,Maturity,10.43,Medium
42.661802774113674,76.77866389534296,19.590544730858582,59.64160658409877,Rice,Loamy,Vegetative,19.61,Low
35.605949897849804,64.51682950146099,40.120089222566214,30.39471183900952,Wheat,Clay,Vegetative,0.0,Low
22.9224510177091,47.171599428889685,17.062222487886032,24.370126692274127,Wheat,Sandy,Maturity,0.15,Medium
43.49580309033688,67.18912068752441,22.209170343918327,37.89395917889428,Sugarcane,Sandy,Vegetative,25.37,Low
35.692701326785446,38.193348546998294,33.77933867837194,25.215379591043217,Cotton,Loamy,Flowering,12.02,Medium
28.372640366427152,44.16345459459474,25.444703503494008,14.322875356007616,Cotton,Clay,Vegetative,0.84,Medium
23.48180181658468,84.22400901923932,43.07228430106621,10.071417153958835,Maize,Sandy,Flowering,0.0,Medium
39.8506297317574,40.33531539699943,43.301783752287825,32.47916764601311,Cotton,Sandy,Flowering,19.33,Low
35.50181889821284,52.89917877105556,0.49553477455768213,51.84317111132961,Maize,Loamy,Flowering,22.9,Medium
33.33652729940804,82.30987961772102,38.90231532415996,38.61575928150383,Sugarcane,Clay,Maturity,0.0,Low
42.347314576273945,69.54049451872692,23.036680012083693,59.96036494717204,Cotton,Loamy,Vegetative,3.92,Low
39.714930280613274,24.35422583152919,49.442027065183154,24.342332282359997,Sugarcane,Sandy,Vegetative,18.71,Medium
23.79187199331878,30.311213099527926,24.161603793771757,24.022753238002764,Cotton,Clay,Maturity,0.0,Medium
27.793051694888707,20.54891135403418,49.344797269414876,17.98747301169721,Cotton,Loamy,Maturity,0.0,Medium
26.212228495361643,64.16452531604143,37.72846806028683,18.20317941326676,Sugarcane,Sandy,Vegetative,6.72,Medium
38.598657314316924,51.33713977872928,12.430244230665316,24.259329800502393,Wheat,Loamy,Maturity,3.61,Medium
20.838310868394483,29.399239563159288,26.919748964347885,49.64200226367636,Wheat,Loamy,Maturity,0.0,Low
34.24724212178291,87.05538847397393,49.60678197392914,55.28783953182239,Wheat,Loamy,Flowering,0.0,Low
39.06146714351726,57.076180676193395,42.87653038759618,58.75435848538407,Wheat,Clay,Maturity,0.0,Low
41.91914091904374,36.93253058790224,4.868344689561055,21.61448270482263,Cotton,Sandy,Flowering,43.4,Medium
28.55204371789769,55.04224998082953,35.3185998404998,54.064877280704586,Rice,Sandy,Seedling,0.0,Low
40.531432616800316,67.57342329145754,17.27897929354065,26.412754463866854,Sugarcane,Sandy,Flowering,39.98,Medium
22.76579342388018,25.336745258149513,0.34911309401740587,15.64202722584422,Rice,Sandy,Flowering,43.79,Medium
41.16130729336295,39.22926705335244,20.17404845134998,53.50124627600828,Rice,Clay,Maturity,7.28,Low
23.18721655829956,76.48758436187956,11.737721086248564,41.80528173218093,Maize,Loamy,Vegetative,1.59,Low
29.93218226400918,52.176540928186284,40.94346352602358,18.236544804053086,Wheat,Sandy,Seedling,0.0,Medium
39.932384144488836,58.26039994226064,16.866530442288273,31.49156287565013,Cotton,Clay,Seedling,2.21,Low
23.747935683719344,50.29712015466285,41.37618469769085,24.36288474385338,Wheat,Loamy,Seedling,0.0,Medium
25.731284880816037,23.07299598501036,0.029896941739765426,46.83972843550985,Wheat,Clay,Vegetative,8.97,Low
38.05631420982665,31.602484587410913,15.390957501305957,32.6708115312134,Rice,Clay,Seedling,5.29,Low
38.00091341365186,51.187914711932365,12.058260715388098,59.46399725531925,Maize,Sandy,Seedling,5.04,Low
36.02869082213243,34.64298257855495,11.67836805343055,12.737249112979756,Wheat,Sandy,Vegetative,21.46,High
37.3487111116775,23.498532006177513,3.409330988273135,27.750763306812335,Sugarcane,Loamy,Seedling,14.17,Medium
33.56811108368991,79.05547648362767,9.356213520525086,34.09500835549887,Sugarcane,Loamy,Maturity,4.2,Low
26.294976472673817,88.6834770414881,27.777478494280995,35.15667773741599,Wheat,Sandy,Maturity,0.0,Low
28.642399837597985,75.52000117977175,14.568053641887225,25.79679111928184,Rice,Clay,Flowering,16.84,Medium
24.539942920035642,79.76494451932669,20.869739116457396,46.4620124548784,Rice,Sandy,Flowering,20.49,Low
42.71126403334071,36.938399122193175,18.843344017359424,53.737353674448734,Cotton,Loamy,Flowering,24.48,Low
34.584794869153015,87.24388828592399,43.795246249994726,56.93596509889315,Maize,Clay,Maturity,0.0,Low
30.021285419090997,33.78479931173999,45.264949950525775,50.25466883997631,Rice,Clay,Maturity,0.0,Low
31.550145091103317,86.60008672532825,24.647848582793003,52.52900986532997,Cotton,Clay,Maturity,0.0,Low
43.68208349029538,89.63735057761657,16.50779751578022,37.52726503099977,Sugarcane,Sandy,Flowering,32.36,Low
23.833785077902004,69.8205964022234,5.340035200118182,51.29441132134073,Sugarcane,Sandy,Flowering,24.94,Low
34.65574580041993,88.68006122542754,47.67014396910475,25.175195457397614,Sugarcane,Loamy,Flowering,6.34,Medium
32.64721697211165,59.86778456969726,3.0113472450148726,29.92393810546072,Wheat,Clay,Flowering,11.26,Medium
35.28635588586619,38.16792482232633,14.882513878414022,25.845650690927215,Maize,Clay,Flowering,11.22,Medium
20.452754595521014,50.589711996593465,14.903310058500207,33.369366772396276,Cotton,Sandy,Flowering,14.19,Low
41.803097723603784,61.54926547651502,16.020064307010745,24.278980811931817,Maize,Loamy,Maturity,7.18,Medium
43.302957062090314,25.115709341891048,8.214342163620463,58.08057211272234,Wheat,Loamy,Vegetative,15.46,Low
34.12832958973022,63.56402852320723,39.15807154618486,25.642231400283407,Cotton,Clay,Vegetative,0.0,Medium
37.4162705969223,88.68244857336062,6.124893098299461,14.902226905546991,Cotton,Sandy,Flowering,28.78,High
43.062484529432396,33.307535484860935,31.74533295765814,36.34085830252067,Rice,Clay,Vegetative,14.4,Low
37.68096585783496,75.48165814018682,6.192301335290873,12.854953922258819,Maize,Sandy,Vegetative,20.45,High
23.813476072856535,83.55291556457335,3.526781879647828,15.527158315429027,Maize,Loamy,Maturity,3.61,Medium
34.407209004170326,86.05911149741546,45.47147518429382,20.969469459812316,Rice,Clay,Flowering,4.24,Medium
35.1678761595714,87.2094923083813,9.506438315935284,33.21751249410708,Sugarcane,Clay,Flowering,17.97,Low
30.60326678255965,56.502174710503034,41.06250772798521,31.662546615451394,Wheat,Clay,Vegetative,0.0,Low
38.411105890618074,88.41155355940526,27.23154355535679,49.98459310013956,Maize,Loamy,Flowering,1.65,Low
43.35917536922537,73.01171449941072,3.89282598043848,46.973732694205665,Rice,Clay,Flowering,30.27,Medium
43.13921282266941,31.317000536587333,47.772409571903374,31.315914699535064,Cotton,Loamy,Flowering,12.13,Low
31.270984285103303,53.3830074527579,12.348058349594627,26.685210378781495,Rice,Sandy,Flowering,42.55,Medium
22.830951146018883,70.28318227604028,42.98226726763033,25.82343920307493,Sugarcane,Loamy,Vegetative,0.0,Medium
44.62102997405836,37.31382210733584,8.44050028922821,48.69975436470045,Wheat,Sandy,Seedling,11.25,Low
40.972452161148354,64.84306284842211,42.69714410709264,12.603620311063487,Sugarcane,Loamy,Vegetative,10.08,High
23.116567030081672,66.66203353326335,0.6614406452646993,10.641082475530292,Cotton,Loamy,Maturity,9.21,Medium
43.02104706543431,31.38898206659961,25.589022828474032,49.7772195963324,Cotton,Clay,Seedling,0.0,Low
41.747409051553205,59.55597187169294,38.472128971077844,33.857318799452464,Cotton,Loamy,Seedling,0.0,Low
32.97095142815181,74.01388376850254,46.739775874639164,16.5440569276788,Cotton,Clay,Seedling,0.0,Medium
34.78188589362323,54.92269651751593,45.460106810324355,21.778296729725064,Rice,Sandy,Vegetative,16.58,Medium
29.975067596753256,20.84721817432752,40.98124347738224,56.625197654869126,Cotton,Sandy,Maturity,0.0,Low
21.369040970550785,20.63269283555045,44.4095674830652,52.9751487812449,Cotton,Clay,Vegetative,0.0,Low
28.379931041147522,44.99205407790085,9.960984291853825,45.48925251119863,Rice,Sandy,Maturity,18.13,Low
40.071336214950286,84.83358479022473,14.209214785586438,34.11126151686633,Cotton,Loamy,Vegetative,10.08,Low
20.11580057511507,36.007374572252616,14.448426246052925,36.01618130956929,Sugarcane,Clay,Vegetative,7.74,Low
28.337479292278605,64.40545822101811,18.85269655008494,58.76222676419793,Sugarcane,Clay,Vegetative,2.54,Low
29.954217339773585,35.54531094853244,19.666033519259436,58.28852219421436,Maize,Clay,Seedling,0.0,Low
33.434890073448074,42.5168992761684,27.227766232733774,20.763452289291713,Sugarcane,Sandy,Vegetative,19.99,Medium
42.99639041031901,79.36294627210387,7.993988168322069,50.55522831526591,Wheat,Sandy,Maturity,8.55,Low
28.65864985914903,71.02030095889629,34.562333189299466,19.862133308350842,Wheat,Loamy,Maturity,0.0,Medium
28.673830047405694,26.677949411924743,8.378326965225325,20.67687389419757,Wheat,Loamy,Maturity,5.16,Medium
38.43753120274371,50.00914146905035,15.515424105227376,43.80465170822884,Rice,Clay,Seedling,5.78,Low
31.30544852224518,22.041883455168513,25.167256530307704,30.25005492937742,Sugarcane,Loamy,Vegetative,15.6,Low
25.61512057349955,53.66231026221063,39.822028076173865,56.57722035532601,Wheat,Sandy,Vegetative,0.0,Low
31.310987903317333,66.37038081907477,36.97346166193636,14.450486744800441,Maize,Loamy,Flowering,4.65,Medium
23.521425509494996,28.29518365187061,32.276717820526116,35.57628204047465,Rice,Sandy,Seedling,4.11,Low
24.409674662655583,40.221945723641596,7.788663029008508,55.92607652215606,Maize,Loamy,Maturity,0.07,Low
32.45919431848699,47.848563785150986,27.352267280778886,55.205683023975254,Sugarcane,Sandy,Maturity,8.32,Low
30.473136237613698,84.36717172592348,4.3723250899942725,17.82646067078706,Cotton,Sandy,Vegetative,19.02,Medium
42.8711475267025,89.52785107960749,18.86815883983254,28.331885004822823,Maize,Loamy,Maturity,3.75,Medium
29.059847477915827,23.14379092969311,20.67582651449796,40.95607000233481,Cotton,Loamy,Vegetative,9.54,Low
34.51470875695109,73.27055464467745,1.9905719722876913,17.969744238570108,Rice,Sandy,Vegetative,31.09,Medium
35.80660719798826,46.02068464816402,13.699404973498591,58.40110860228693,Maize,Clay,Flowering,12.06,Low
20.327361414708342,47.472073036063605,47.78247336332447,55.737466436383016,Maize,Loamy,Seedling,0.0,Low
36.58843430041777,72.7985481342916,47.681630391484475,18.34750895172346,Rice,Sandy,Vegetative,15.64,High
24.450899171743785,84.2898502501786,17.616352712626966,16.05777306304927,Rice,Loamy,Vegetative,11.1,Medium
44.026757936736374,86.56500161517839,2.155005447416203,14.270424140413265,Wheat,Loamy,Vegetative,20.32,High
23.716568193827825,60.39858102268246,8.954746966409077,55.472183201831555,Sugarcane,Loamy,Flowering,15.1,Low
30.365603093175594,44.99848115103519,19.610889671677008,19.681190489773037,Maize,Loamy,Vegetative,6.6,Medium
22.133741701966095,75.12843601011454,47.38898489846149,30.814246427217736,Maize,Loamy,Seedling,0.0,Low
44.92185629614868,37.57009682836102,7.059953176859246,32.44256828260015,Rice,Clay,Seedling,12.0,Low
32.554875258281065,59.485182018346244,38.175792183410614,39.95055221067838,Rice,Clay,Maturity,0.0,Low
34.88462543300109,45.10049230674112,5.434126968734604,13.586767187371247,Sugarcane,Clay,Seedling,6.22,Medium
21.676911934710688,65.96417515955133,49.06287886956384,21.337930870025797,Rice,Sandy,Maturity,0.0,Medium
38.749011759979446,36.82792390254548,19.080824955456748,56.5745193459463,Cotton,Clay,Seedling,1.34,Low
25.247639827389644,33.4115062014378,38.7617269449528,55.420505363428475,Cotton,Clay,Maturity,0.0,Low
42.45135723601784,84.2767360672806,17.129554140556593,49.06453237028461,Cotton,Sandy,Vegetative,13.77,Low
25.12849101205018,27.126257806467585,31.383443857940435,10.970062280910772,Cotton,Clay,Flowering,4.31,Medium
24.767193016591662,55.41705354144521,9.600804237001837,26.350338424805106,Sugarcane,Loamy,Flowering,23.04,Medium
20.913741696202372,35.45969480741063,7.301050964848127,41.39793676714539,Maize,Clay,Flowering,10.03,Low
31.80167362774998,22.725097432796723,46.903206978406565,23.759510588673784,Cotton,Clay,Vegetative,0.0,Medium
34.12102833156541,22.52131728039985,45.88236389522167,55.479334752688864,Rice,Clay,Flowering,11.05,Low
21.642715985708808,32.265524047407915,44.37344701064412,41.69447309162209,Cotton,Loamy,Seedling,0.0,Low
39.38819041737526,80.67392481542001,31.271672508329672,13.59533586582228,Sugarcane,Loamy,Maturity,0.0,High
31.332220868700688,39.77351207839187,40.413410560813915,55.45027944178515,Rice,Loamy,Vegetative,8.61,Low
33.1097567331895,86.5321419402707,3.4518468455687454,57.88833290881113,Cotton,Loamy,Flowering,15.94,Medium
31.019068673455706,60.71356050924355,16.73945209453396,13.885620919586275,Maize,Sandy,Seedling,4.34,Medium
30.01907652188315,50.562993283813626,15.68515623785781,36.61801174306574,Rice,Loamy,Seedling,8.38,Low
33.99100828270545,60.60621842686182,31.78226609763066,25.168214110708522,Rice,Loamy,Vegetative,13.22,Medium
23.88100614826781,56.168886965838745,17.797888673532025,29.641953824070118,Maize,Loamy,Vegetative,2.4,Medium
24.548203262381776,73.11433776301277,7.42533908218404,18.982560897767094,Rice,Loamy,Flowering,23.84,Medium
41.54464052533793,39.774724618099654,29.823353770677187,38.903605100620624,Cotton,Sandy,Maturity,2.74,Low
43.65288655334082,44.713527412021165,40.719196033454075,57.898967662444534,Rice,Clay,Flowering,18.11,Low
29.332732906993826,82.58660117732755,19.10617472299866,35.153630013580454,Cotton,Clay,Flowering,5.48,Low
26.768616828588844,86.25195592052839,6.613435754924085,14.145729069724059,Maize,Loamy,Vegetative,7.26,Medium
36.09998858097539,82.4790759240532,9.834409865641152,41.00006667387042,Wheat,Loamy,Flowering,10.24,Low
30.21835427745241,49.36135957701195,11.8741652584692,27.011149722562852,Maize,Loamy,Flowering,14.65,Medium
20.63465889150862,74.62558521048172,14.994879649726812,52.79625947956489,Cotton,Clay,Maturity,0.0,Low
23.90381493415476,53.343501331076915,32.139753525315456,31.733907415823513,Sugarcane,Clay,Seedling,0.0,Low
37.89930572118494,54.82778965022715,30.04727422688595,19.64198044711228,Maize,Loamy,Seedling,0.0,High
36.473098547753786,34.32760763400988,34.80399307835196,19.555281134557248,Sugarcane,Clay,Maturity,1.39,High
20.677399812587087,61.37912122809615,18.125099226575657,48.43820903605802,Sugarcane,Sandy,Seedling,1.95,Low
25.549304048323737,33.029512842734356,41.199882593998915,23.279379915367997,Cotton,Loamy,Flowering,3.7,Medium
25.776869914701784,43.20952893470356,10.204383057788014,48.36166970796115,Cotton,Loamy,Maturity,1.64,Low
36.797318589968214,79.85211411339546,23.452037375907697,20.29436553832997,Wheat,Sandy,Maturity,4.83,Medium
20.492763443859104,34.495306644759864,40.046936077071514,26.08431843506547,Rice,Sandy,Vegetative,11.38,Medium
22.602714549614348,24.981079962140296,9.007932386630962,33.27434862198497,Maize,Clay,Seedling,1.47,Low
39.997902134329735,24.830531482897143,5.493155687039147,57.159792484672536,Cotton,Sandy,Vegetative,29.48,Low
24.463616551358342,85.85491643521755,44.18419838439949,56.58657123769123,Maize,Loamy,Flowering,0.0,Low
36.318652696296866,55.484430657328424,17.146483137959795,20.343593771114392,Sugarcane,Clay,Maturity,7.64,Medium
25.954569526168164,48.65884502719128,34.1935062454516,27.91095206215364,Rice,Sandy,Flowering,28.22,Medium
22.48603481898363,76.76150067055428,1.267430213196924,17.469969422688614,Wheat,Clay,Seedling,5.03,Medium
26.07930477498635,78.50781495373613,34.50234442047248,35.49925396567485,Maize,Clay,Vegetative,0.0,Low
38.05667329639148,43.25337231809232,15.805065577348525,33.029127534733334,Rice,Clay,Seedling,6.77,Low
41.39241170265714,68.55326402316567,2.787042679372087,55.038008122536624,Wheat,Clay,Flowering,13.74,Medium
40.75549661417479,73.97859710963206,30.49063807740585,56.50026888955363,Maize,Sandy,Vegetative,6.01,Low
29.92958824046137,65.82554808061681,12.040190803658662,29.178369550364604,Rice,Loamy,Seedling,5.11,Medium
36.702128414266156,30.611655236006957,19.340362102594,34.58689715094947,Cotton,Loamy,Flowering,18.6,Low
25.124607385395525,81.311815846194,4.029040614325679,54.81181245730666,Maize,Sandy,Seedling,4.21,Low
27.328693256525334,57.73661869152061,7.358162554747266,50.33539038725307,Rice,Loamy,Maturity,7.87,Low
42.40839546302799,39.77306984590026,14.898861774792188,10.182815567232463,Wheat,Clay,Vegetative,9.11,High
20.3250480877684,49.76597298063857,4.487975028007857,26.002978209179126,Rice,Clay,Vegetative,12.0,Medium
22.1377132713617,22.629976327923515,45.54131323431576,31.088712096806294,Cotton,Clay,Vegetative,0.0,Low
25.197156378650682,28.950676085569228,0.3023521591989209,21.485814184161583,Maize,Sandy,Maturity,14.59,Medium
20.663305096845495,73.58827253611025,24.19301094321557,19.978580794796937,Maize,Clay,Vegetative,0.0,Medium
24.535885877244933,20.00081443287563,6.1623729066275725,11.889225329783983,Maize,Clay,Maturity,3.85,Medium
34.576039024242306,49.15960799376045,15.383954473897427,42.16848625348803,Cotton,Sandy,Vegetative,17.23,Low
30.53561376481245,56.57571267599119,46.30297799091328,23.125514524158284,Wheat,Clay,Seedling,0.0,Medium
42.31679277692437,23.82440940006806,8.084727663699343,12.617358921565653,Maize,Clay,Seedling,6.38,High
40.436089043461024,88.1154714080633,48.29161598591663,21.54896552640318,Wheat,Loamy,Seedling,0.0,Medium
28.5454337924469,35.82877318747703,10.289718849471086,50.095697641806325,Rice,Sandy,Seedling,16.8,Low
26.485585835782313,41.293910374539664,37.078305423341476,52.57445908232733,Wheat,Clay,Maturity,0.0,Low
29.49231020418167,41.27597585785192,27.333863244865586,34.15331225966513,Wheat,Clay,Flowering,4.43,Low
34.75737356287019,36.1291663482145,44.22393637983796,30.803533520434307,Maize,Clay,Flowering,0.0,Low
26.701591020571907,20.1031675460418,27.699662775156547,58.892684675089086,Sugarcane,Clay,Seedling,0.0,Low
35.60372269622835,71.05413558615975,26.727960957815434,20.028232979403494,Sugarcane,Loamy,Flowering,16.27,Medium
30.23529130478101,87.67918498594997,9.772900018419994,20.767964142730424,Cotton,Loamy,Flowering,13.94,Medium
33.8011795212995,35.700543829953155,8.311468102582936,24.593358851819985,Cotton,Loamy,Vegetative,21.29,Medium
30.903163228382915,66.41330342623957,45.82445755577571,18.637865914054366,Sugarcane,Loamy,Maturity,0.0,Medium
27.361643988547943,71.93274288711007,16.391909942501705,28.96827991020933,Rice,Sandy,Seedling,4.1,Medium
43.71133267405392,79.38977653633674,18.604112748144797,55.54171134948769,Maize,Clay,Flowering,8.04,Low
39.09014485399402,49.584043790952634,37.99118292141942,40.76739203142871,Maize,Loamy,Flowering,7.64,Low
23.502829394161314,41.205163394830045,16.941174121140367,30.597327430613184,Rice,Clay,Seedling,1.78,Low
41.711699397447816,42.77065938161218,47.60312233195014,56.72053972856074,Rice,Sandy,Vegetative,24.15,Low
32.18577995623784,69.88349331689591,36.89638844994001,12.423211623791115,Sugarcane,Clay,Seedling,0.0,Medium
42.363805672352285,77.17456265539452,29.871462128671,20.51380889509307,Cotton,Clay,Vegetative,0.0,Medium
39.996381398682885,32.71297774296219,44.04475802723763,38.294430255087946,Rice,Loamy,Flowering,27.58,Low
30.630337611730837,45.96587057104357,2.480295417474138,40.77763115965896,Cotton,Loamy,Maturity,13.03,Medium
20.561732708002936,83.1358137724405,12.853134609460437,11.977875328130658,Wheat,Sandy,Vegetative,6.38,Medium
26.71693398462365,76.46854637863174,23.251816711045496,30.15193789535661,Maize,Clay,Vegetative,0.0,Low
33.54085536652167,88.94008819337331,11.34892697357605,42.45769824154364,Sugarcane,Loamy,Seedling,1.0,Low
35.83695549565368,72.79737817774566,37.195259365107596,44.90352732017008,Maize,Loamy,Flowering,2.15,Low
26.447192135830058,47.523664071954556,45.96040155268626,41.90699512581347,Sugarcane,Loamy,Maturity,0.0,Low
23.483901851820605,61.344648379624644,21.18850599654617,26.02816121804623,Wheat,Sandy,Seedling,0.68,Medium
40.873255919982476,66.27099779731242,17.10663000559475,14.676006179895476,Maize,Clay,Seedling,0.0,High
44.61005451758881,25.491907142198677,48.07753660687831,31.355622320966706,Wheat,Loamy,Maturity,0.0,Low
33.14225455756714,58.114787137270554,22.242621641377042,16.437721868402775,Sugarcane,Clay,Flowering,11.5,Medium
24.291982146207587,69.65245799308266,24.45242002246416,57.381182926033354,Rice,Sandy,Maturity,3.09,Low
26.807683162984226,31.712491280074225,17.582493617095267,33.75854330113141,Maize,Clay,Seedling,0.0,Low
20.459766913686668,74.64422021978899,45.477423650606916,25.862958717843377,Wheat,Loamy,Seedling,0.0,Medium
42.857470164012476,60.86409463598781,28.447774164092536,48.315203555945004,Maize,Clay,Vegetative,1.03,Low
22.94377707225353,86.65552499883162,38.10872935908223,34.89742962911319,Maize,Clay,Maturity,0.0,Low
34.41291188785634,22.96956087448242,40.590335917544316,25.501701200622502,Maize,Sandy,Maturity,0.39,Medium
26.85138051718015,38.57282962888269,17.09245209586291,50.598387119540085,Cotton,Sandy,Maturity,2.34,Low
33.854450062894834,62.10877155098768,21.684716566019002,53.3576075500561,Wheat,Clay,Seedling,0.0,Low
36.28550970879661,40.759193854415145,42.423588720313234,43.65040831443385,Wheat,Clay,Flowering,0.0,Low
40.74354509268004,70.00969148498694,18.16276758379051,12.348221120383364,Maize,Clay,Seedling,0.0,High
25.16053179401508,73.13036977653516,39.696756672592564,38.3161440083266,Rice,Sandy,Vegetative,8.29,Low
20.274895716462012,27.17611748465321,47.04961612872186,48.164745599864084,Maize,Sandy,Seedling,0.0,Low
23.422140751720182,55.96981249447374,31.16051865340035,16.825150604179107,Cotton,Clay,Seedling,0.0,Medium
42.50046604620263,55.622338891373914,37.08136437259444,21.433537569230168,Sugarcane,Sandy,Seedling,3.09,Medium
41.847251939062886,45.84965391508787,40.254865602056746,54.124755253406825,Cotton,Loamy,Vegetative,0.79,Low
34.93532755425771,85.30474037987705,42.25198244483212,11.006086092653701,Rice,Sandy,Maturity,1.96,Medium
35.01292151084134,77.92544239112549,19.752666892839798,47.6363568912988,Maize,Sandy,Flowering,16.02,Low
36.625916863656386,68.80465673367458,2.5631729587999086,33.688664625721145,Wheat,Sandy,Flowering,22.74,Medium
24.38428196558624,70.00286450144984,20.093813561836978,32.33860794198034,Maize,Loamy,Vegetative,1.39,Low
42.860298648123994,52.32013006691834,33.68781148920449,10.354826624744359,Rice,Loamy,Maturity,13.55,High
30.469263122301825,84.46961647676031,22.51751928903964,50.96991154832464,Wheat,Loamy,Maturity,0.0,Low
29.578463206237437,68.62167990772997,37.448157543019924,27.991245031828324,Cotton,Clay,Vegetative,0.0,Medium
32.97294263207094,71.02867431590715,17.849121473433193,37.03828156502715,Sugarcane,Clay,Seedling,0.0,Low
21.174149169376378,80.31836326511416,31.737207055201477,43.865034316782975,Sugarcane,Loamy,Maturity,0.0,Low
24.157084218901986,39.18501125395337,9.320990242698729,45.13147882189579,Maize,Clay,Flowering,10.62,Low
38.45084041065926,76.49496327066922,37.46847183224784,57.79900294130361,Cotton,Clay,Vegetative,0.0,Low
22.069966698128162,33.66684220695444,27.284798440651294,36.566997661830456,Rice,Clay,Flowering,8.26,Low
35.0788027366597,44.17393665714215,10.20321942733003,29.98597754872138,Sugarcane,Loamy,Seedling,8.2,Medium
26.133727742033024,43.49273179888899,14.595558674890363,57.68518132458539,Cotton,Sandy,Vegetative,10.26,Low
29.732390351049414,88.49678278723984,37.43043542909162,42.105511751276055,Maize,Loamy,Flowering,0.0,Low
27.217343419267497,79.95760566235488,24.130061783076034,24.90751781382778,Wheat,Loamy,Flowering,2.24,Medium
28.89181791162373,69.08189031131818,10.80157201965361,16.32321227017856,Maize,Clay,Seedling,0.0,Medium
37.97614762960614,70.89397331307731,48.36355951851488,52.127725073259064,Maize,Clay,Vegetative,0.0,Low
27.428042890579377,59.345095608179975,35.75625099084439,28.10908013970758,Cotton,Sandy,Maturity,0.0,Medium
34.16011600742243,86.29634669759633,47.85674162698981,43.02348606822156,Sugarcane,Sandy,Maturity,0.0,Low
31.90126005497749,54.73811270176531,21.35525226801716,33.54082096829491,Cotton,Sandy,Flowering,20.63,Low
36.5917791340662,46.636239690892616,23.755017034586025,19.946488989751916,Wheat,Sandy,Seedling,5.1,High
43.420743483118954,31.41247358521137,44.89776080925096,40.084330431023254,Cotton,Loamy,Flowering,15.32,Low
38.31430243025626,75.03439565827406,26.252467012269232,13.034153447534116,Rice,Sandy,Seedling,6.27,High
25.37350946476892,71.4110752452914,35.36394559528336,30.667122993559612,Maize,Loamy,Maturity,0.0,Low
20.77957837653212,46.904852696689446,12.608643874776499,37.33074698318355,Sugarcane,Clay,Flowering,17.05,Low
26.556601107495627,21.763538977146055,22.336323435132027,31.802348705928953,Wheat,Sandy,Flowering,17.78,Low
34.87694826750637,78.72981294026076,6.172493290517755,47.43360876254954,Maize,Clay,Seedling,0.7,Low
21.28564533710626,20.799258841785154,10.299001793848085,51.396247727265624,Cotton,Clay,Vegetative,8.11,Low
32.409156180030905,69.25898457403358,0.04717076338155435,48.5621537016589,Rice,Loamy,Seedling,12.88,Medium
34.92107122292223,87.91799768082399,1.9632525824330116,11.940647390590106,Cotton,Sandy,Vegetative,22.92,Medium
28.356097270424023,50.63629297037424,48.86419115884647,19.706438522298612,Maize,Loamy,Maturity,0.0,Medium
39.272805093645545,36.44813834971669,12.117684756838115,36.830375463188716,Wheat,Clay,Flowering,13.61,Low
22.664956328344296,69.34097070303672,33.165535475200095,56.74110202219006,Sugarcane,Sandy,Flowering,9.35,Low
21.87844454339522,77.19896994109095,41.95498493998058,51.747838752605844,Maize,Clay,Seedling,0.0,Low
38.20471890509008,58.25012212544931,27.533022961828213,52.12672541759008,Wheat,Clay,Seedling,0.0,Low
32.38728290515496,87.69246926793024,7.65722500419781,25.160409687983744,Maize,Sandy,Maturity,6.94,Medium
37.2100599106934,23.616810516057278,36.40582186680832,31.47239485393513,Rice,Sandy,Maturity,11.69,Low
30.870683465093656,55.33569188131697,30.012570504979152,33.53529736579687,Cotton,Sandy,Vegetative,7.1,Low
26.16005083097767,70.2917763125785,36.562529467368755,17.868579167495522,Sugarcane,Loamy,Maturity,0.0,Medium
40.477557941855,80.38483298044252,38.48733114285436,11.553406512222816,Wheat,Loamy,Maturity,0.0,High
39.985396974224486,32.547892833545305,48.770518384237256,57.345144973025846,Sugarcane,Clay,Maturity,0.0,Low
37.367411771360665,76.0002437234577,28.6781640013355,22.035629283175336,Sugarcane,Sandy,Maturity,3.33,Medium
26.803628430749068,58.68949530029817,17.082055634530093,21.997445186181565,Sugarcane,Clay,Vegetative,6.8,Medium
34.75576667172717,47.75875773929742,32.42322784501185,14.168952688437976,Wheat,Clay,Maturity,0.0,Medium
29.02434742350067,29.220052000536548,3.4220354621313067,56.42538759718893,Wheat,Clay,Vegetative,6.64,Low
22.289551833165852,80.57070312362387,44.86986591607931,38.986855746988596,Sugarcane,Clay,Seedling,0.0,Low
42.93283938655607,31.009124572580074,5.969050566909839,43.351842856267695,Cotton,Clay,Flowering,21.54,Low
23.420465772974033,41.68515014463695,16.392141894290912,55.578844363152626,Maize,Sandy,Seedling,0.0,Low
43.75593384552006,40.30318723737058,40.787269031306046,27.281008445039475,Sugarcane,Loamy,Maturity,4.01,Medium
31.150144323948894,80.9989823933598,29.865618916535592,41.0753655569042,Rice,Sandy,Flowering,24.13,Low
24.62832322096549,67.08920959462286,19.681776013872103,11.939972736444373,Sugarcane,Sandy,Maturity,9.01,Medium
33.54752368445895,75.76769780339606,23.67178296875107,19.33862641155647,Wheat,Sandy,Maturity,2.53,Medium
41.82364589691021,37.53275291547493,42.72736966010902,51.56229025449713,Maize,Loamy,Seedling,0.0,Low
38.305622160239025,63.74118697248992,17.00021930299461,48.33841781691679,Rice,Loamy,Maturity,13.04,Low
40.16402869653624,60.022218820062406,43.482484240608564,27.532134572857345,Maize,Loamy,Seedling,0.0,Medium
36.469584167767934,78.29812637517898,4.406721548834574,28.840531388710623,Maize,Sandy,Maturity,9.27,Medium
37.306914112946316,83.42609423368825,38.83992186043154,36.677721677678974,Rice,Loamy,Vegetative,10.28,Low
41.22989128913298,20.850974003417075,42.377381652736815,10.012050234256728,Sugarcane,Clay,Flowering,15.63,High
26.241700221479647,67.18139433411548,9.090882641866937,22.062216801901393,Sugarcane,Loamy,Seedling,1.76,Medium
32.23562409107851,23.628505938381032,21.51732661861002,20.411590430410723,Sugarcane,Sandy,Seedling,9.81,Medium
25.530236045490057,58.42010655541492,8.27498873318278,22.524147337488174,Cotton,Sandy,Flowering,20.85,Medium
44.69170019991617,40.13429103305747,35.330206449710886,50.29529212667207,Sugarcane,Clay,Seedling,0.0,Low
43.60148349216533,41.474361966549885,26.767388403082837,23.98369282732216,Rice,Loamy,Flowering,37.83,Medium
20.98567028421265,44.70709524166496,31.76616733541605,19.576066102507408,Cotton,Loamy,Vegetative,0.0,Medium
37.63937931289221,63.490471433472706,9.824348347810558,35.21317303965158,Sugarcane,Clay,Maturity,6.69,Low
43.13120793539164,43.38349759681385,10.587293102620976,53.282251818636595,Cotton,Sandy,Vegetative,24.93,Low
24.51438362818334,71.28893354131964,2.074866275495318,22.067485191874994,Rice,Sandy,Maturity,18.7,Medium
34.198630763815736,48.31691699017088,16.103376759786485,13.926812139639935,Sugarcane,Loamy,Flowering,25.82,Medium
42.887207439701044,24.7847240216971,27.987233066683746,27.820236792483236,Wheat,Loamy,Vegetative,10.26,Medium
20.84864946464497,74.8631889738875,42.89674569986644,47.38259122824889,Rice,Loamy,Maturity,0.0,Low
37.435506681171,40.00308272148942,33.346372372934034,37.53452723473973,Maize,Loamy,Flowering,10.8,Low
27.43372518431377,50.29368157194838,21.76981616998757,50.83966847871737,Maize,Loamy,Maturity,0.0,Low
43.10990488441326,67.9810718255331,47.65600571970689,57.9796073804617,Rice,Sandy,Seedling,0.0,Low
44.27645612913419,43.271931000409836,35.96226002879159,49.633123837580854,Maize,Sandy,Seedling,0.0,Low
43.60666222783585,23.960995930270094,46.5082601431275,40.19015394218767,Rice,Sandy,Flowering,46.98,Low
31.855355416436595,46.174473290896955,26.379398663608285,34.667079402619024,Wheat,Sandy,Maturity,0.0,Low
41.55106627473283,86.11140078860124,12.94521373965698,12.003454317413333,Rice,Clay,Seedling,11.02,High
41.11373496337676,64.92140781089907,2.6413343182360993,59.21609894070206,Sugarcane,Sandy,Vegetative,33.16,Medium
27.97751183108139,67.00354040670449,36.30424257419252,29.174056128752127,Sugarcane,Clay,Maturity,0.0,Medium
40.72288685376694,64.25975075463478,6.065149900276706,17.61141069584334,Cotton,Sandy,Maturity,13.02,High
20.925190867887316,33.92944972716057,15.138756413598358,43.33544276982284,Maize,Loamy,Seedling,0.0,Low
34.90674696205133,49.28337048715961,26.62354539419487,24.214414454772967,Maize,Loamy,Seedling,0.31,Medium
25.750220932192576,72.56578588543228,28.220829388987383,39.28891354655238,Rice,Loamy,Flowering,13.3,Low
23.01417214443197,27.09610282872114,30.0291598493568,39.33839539222956,Maize,Clay,Maturity,0.0,Low
21.92383004073023,39.449694326279854,8.312766517485032,32.28649104514346,Sugarcane,Sandy,Vegetative,21.86,Low
37.407219396953494,39.34233759260975,18.98687024108244,51.80593077725213,Wheat,Sandy,Seedling,0.5,Low
28.49687409420165,50.241324931615424,30.859711355848336,23.24835307777215,Rice,Clay,Maturity,0.0,Medium
38.11916928821904,88.62581186595295,48.490943231689236,32.43162958088671,Maize,Clay,Seedling,0.0,Low
21.63390851997356,24.725178267867534,36.381556884984434,36.884606429548576,Sugarcane,Clay,Flowering,0.15,Low
27.88225844576526,56.30906960664165,46.130187854697894,43.18123603836498,Cotton,Clay,Maturity,0.0,Low
33.48728230938343,32.55552774085473,38.11060291570885,49.19859252527947,Maize,Clay,Maturity,0.0,Low
39.76807912097409,87.9473581786821,29.585848444620023,29.740364143912803,Wheat,Loamy,Flowering,1.34,Medium
27.968812573301747,27.931245330922494,9.601168456817227,42.3023472048298,Wheat,Sandy,Vegetative,15.14,Low
35.647284410925224,48.25207016531139,33.334282594625655,17.530547653425955,Maize,Clay,Seedling,0.0,High
42.14944370590467,71.65194893842244,31.168978297995352,56.63240502712393,Maize,Loamy,Flowering,5.2,Low
35.39657970455762,69.31880996192118,30.123458522863324,29.152940321050178,Sugarcane,Clay,Maturity,0.0,Medium
25.823986868840844,49.59100458257526,24.489293399412038,46.47607109882192,Maize,Loamy,Flowering,5.16,Low
20.610019538913452,44.25669175669027,26.43283019946378,11.017054094108882,Cotton,Clay,Maturity,0.0,Medium
41.752471847523246,47.83286649870094,16.722126355905203,20.25935714524035,Sugarcane,Sandy,Flowering,45.55,Medium
20.531735271259677,38.49933842110475,25.965634632115158,34.354127216178895,Rice,Clay,Vegetative,1.32,Low
41.867541817104986,34.373305709475986,9.877795283923913,53.91262338661733,Cotton,Clay,Maturity,6.1,Low
33.2234283506803,53.8127788291223,40.25871986801884,36.362757497533856,Sugarcane,Sandy,Flowering,23.85,Low
43.476692462822406,38.79736292473251,9.288847734935391,56.493524114693955,Sugarcane,Sandy,Vegetative,36.88,Low
39.96958089434163,40.12231654280751,4.248314494473321,34.189844829139815,Wheat,Clay,Vegetative,16.35,Medium
44.94835276333343,65.972924443219,21.81230131785787,34.52245483679749,Sugarcane,Sandy,Seedling,6.78,Low
28.767795386292754,87.79761321899245,32.915371975303096,15.987339425026594,Cotton,Sandy,Maturity,0.0,Medium
39.17970722327817,62.254604039156256,21.885841246677067,50.13281220761099,Maize,Loamy,Seedling,0.0,Low
30.048272840231053,25.388562694547637,13.83770659756543,22.348270623353123,Cotton,Sandy,Vegetative,20.89,Medium
31.99689050759772,25.290852969784687,27.908559194522038,54.98062446861575,Rice,Sandy,Seedling,9.01,Low
35.687636580459255,86.59962545918961,17.350116770609997,55.5412110165198,Sugarcane,Clay,Seedling,1.57,Low
41.841927854658465,40.810355321513356,46.64338450633166,57.165505593707486,Sugarcane,Clay,Flowering,6.19,Low
44.602086729982375,26.44468902577328,46.1322569801786,36.0115244551545,Sugarcane,Loamy,Seedling,0.0,Low
39.206835346612955,61.93312110052671,25.118590998604773,43.854689239182214,Sugarcane,Clay,Vegetative,8.45,Low
30.444169554183343,63.655414480318626,16.394199700912925,48.925794003083176,Wheat,Sandy,Seedling,0.0,Low
30.533925056926755,65.39533740830817,36.85662069783196,16.55073093252328,Wheat,Sandy,Maturity,0.0,Medium
38.43955753972229,38.71814195002789,1.835647174153332,40.04785974987486,Maize,Sandy,Flowering,36.39,Medium
25.969428644207557,21.057747895013254,23.738450302182564,11.714895065165583,Sugarcane,Clay,Vegetative,10.55,Medium
22.761852828284866,87.55107586181303,16.816169713516675,34.87830416943629,Rice,Sandy,Seedling,0.0,Low
28.865553941019414,37.562513198377175,46.02679425512773,17.742134081011372,Maize,Sandy,Maturity,0.0,Medium
27.180974791352043,67.32184016367833,0.6001513636341271,19.146146298104235,Sugarcane,Loamy,Vegetative,17.68,Medium
27.407703011399754,69.46409089150967,27.640743785917454,28.252378334630077,Wheat,Loamy,Seedling,0.0,Medium
25.840193776247748,62.700519195564,37.0331790533313,31.621858335825152,Rice,Loamy,Flowering,9.93,Low
21.052329740909048,41.903517594955375,24.250899376202064,41.15862122660936,Maize,Clay,Seedling,0.0,Low
20.446848368335345,38.97673776348461,4.270151508136083,13.721420921925784,Rice,Sandy,Vegetative,27.51,Medium
44.69305974340079,61.836779789189215,48.62306950139511,35.18458806187223,Sugarcane,Sandy,Vegetative,14.68,Low
30.694328343396556,80.6266943528184,25.900521568804898,19.131256512655057,Cotton,Sandy,Vegetative,3.37,Medium
29.608166178992043,86.27136102463768,30.70931221595057,38.69875875158709,Rice,Loamy,Maturity,0.0,Low
36.99118206732675,27.413406308263035,11.830489135375366,41.87023061305918,Rice,Sandy,Seedling,22.98,Low
25.456347196626602,30.83800288184039,24.17490425534019,37.835462827642694,Wheat,Sandy,Seedling,0.0,Low
43.749029598755634,86.13153811481557,21.457474597916093,46.91477552391538,Sugarcane,Sandy,Seedling,7.54,Low
39.6586253603888,71.55746598343548,3.744792100099187,26.780462212045066,Rice,Sandy,Flowering,50.57,Medium
22.235275057806486,81.80956773808411,5.308017677373361,48.25532958165655,Sugarcane,Sandy,Maturity,3.97,Low
30.43951939462321,34.18428438947402,41.873625980938726,31.638354085409684,Wheat,Clay,Maturity,0.0,Low
41.97795768905412,61.13101097765813,11.990997610329512,34.20922491612984,Sugarcane,Sandy,Flowering,42.1,Low
43.61830055728525,69.07977160922316,9.747913574931527,42.40510636305357,Wheat,Clay,Maturity,2.22,Low
31.68503778124674,67.60783198128809,25.24557256250696,10.917919199961197,Wheat,Sandy,Flowering,12.78,Medium
35.335284730267695,48.57061836066887,38.437356568125644,42.699711071012416,Maize,Clay,Vegetative,0.0,Low
24.17584865230188,21.077642418391594,3.097325928949396,40.92925745360577,Sugarcane,Sandy,Vegetative,32.29,Low
44.779215653424416,60.80482397629842,28.840395981912792,25.492355837663997,Cotton,Sandy,Maturity,9.79,Medium
25.791792534586087,37.71710774257261,5.960522142028668,14.289714244974475,Maize,Sandy,Vegetative,14.59,Medium
43.56829435337814,51.51779723000232,1.8230525412809229,14.546772495652057,Wheat,Sandy,Vegetative,25.97,High
36.24116622480921,87.03067105586722,2.6371976081108697,56.16118734926143,Cotton,Loamy,Vegetative,9.32,Medium
35.19341987197148,47.93247223497043,41.70820541042207,44.463966061291856,Rice,Sandy,Seedling,3.65,Low
32.81721277541271,78.78611246650988,5.898624181403078,16.35513068853702,Rice,Clay,Vegetative,17.38,Medium
25.766745292943966,33.19784240244758,2.2575682206145977,27.83615846544532,Maize,Loamy,Seedling,8.51,Medium
24.41320080013771,67.07223486175201,21.894994357145613,39.62414969507982,Cotton,Loamy,Flowering,4.67,Low
25.512155226754384,88.39048681072605,42.19967359710124,51.77858525453244,Sugarcane,Sandy,Flowering,0.46,Low
24.66095655360636,27.132517061105574,13.120418824465096,12.183046435650427,Cotton,Clay,Flowering,11.89,Medium
39.48961183916883,20.58239595590344,21.08563087629582,21.831656573500442,Maize,Clay,Flowering,11.36,Medium
28.753131479168253,50.350795484283005,1.9961266281875611,54.487449514769004,Sugarcane,Loamy,Flowering,23.13,Low
21.44606691408491,26.483783813595704,22.453925706743792,10.458277509190824,Sugarcane,Clay,Vegetative,3.89,Medium
44.22756575352028,72.3869044773362,28.880654031856682,20.069955139694372,Rice,Sandy,Vegetative,29.34,Medium
42.09464712408564,84.01840646939912,28.545352687607238,57.951208798648295,Cotton,Sandy,Vegetative,6.51,Low
43.19380707988032,50.38146808961312,16.621334608718257,40.67009232610856,Sugarcane,Sandy,Flowering,44.79,Low
44.872695566160886,38.10981495088087,15.776659033156776,23.083568331875323,Maize,Sandy,Flowering,35.39,Medium
24.347381230487184,50.40823233046268,5.331180946829894,13.34955471979238,Rice,Sandy,Seedling,17.42,Medium
29.90605047256647,70.64134724950007,18.33991603231342,11.409567022361108,Sugarcane,Loamy,Maturity,7.68,Medium
38.95596189260228,20.63379131062597,4.9747334436482324,22.237253981846365,Cotton,Sandy,Vegetative,31.82,Medium
37.4005154513448,61.2617792639288,38.329797235602584,54.07429097944552,Rice,Sandy,Maturity,4.72,Low
23.847397658496376,62.930417942116534,48.31371488740929,30.795682714875475,Cotton,Loamy,Flowering,0.0,Low
40.395828124765444,64.63817728271549,48.503722833335345,46.01666845829965,Cotton,Loamy,Flowering,3.68,Low
25.61101429591652,36.941545598661406,43.25355496876969,55.914251768997886,Cotton,Loamy,Flowering,0.0,Low
25.595440370565576,69.98369063646888,30.039607466980954,30.40202308014083,Rice,Clay,Maturity,0.0,Low
33.42436057233534,26.39740404322435,35.043284862194,19.563868551869852,Sugarcane,Clay,Seedling,0.0,Medium
34.823498371042575,33.94892355267606,14.260290134020703,35.855896542845976,Wheat,Sandy,Flowering,23.58,Low
34.50215519594528,81.42290326581374,31.538521008631033,55.40418435299272,Sugarcane,Sandy,Seedling,0.0,Low
22.287170934943873,71.71062055085964,22.78247747199387,50.21872070688503,Rice,Sandy,Seedling,1.07,Low
41.936521565759506,20.96218878079417,24.100866988846626,13.291492168157689,Wheat,Clay,Vegetative,4.91,High
26.64000106471765,37.386338225886014,37.8888280187579,44.62864000387909,Wheat,Sandy,Maturity,0.0,Low
23.237873032070105,35.00845380952152,14.095917779862582,38.59487612294769,Wheat,Sandy,Flowering,11.63,Low
42.218701996724434,38.956442962588085,15.901980584725994,55.373158817321276,Maize,Clay,Seedling,0.43,Low
43.891287455743836,37.32918391959205,46.23208955643183,16.12407084251486,Rice,Loamy,Maturity,2.12,High
41.55319043163627,24.3768407019992,2.8112147425486125,36.70180566023283,Maize,Clay,Maturity,10.75,Medium
40.23790186812195,52.12583616177742,24.28171492066702,53.973134675594615,Wheat,Sandy,Flowering,15.44,Low
36.38104951597555,71.29134323503156,45.64004002039309,30.50118933708715,Maize,Clay,Vegetative,0.0,Low
33.77143426522848,62.47122073022055,30.51815039090785,34.099745886643355,Maize,Loamy,Vegetative,0.0,Low
22.174668997785254,67.10101680186558,27.320353710606604,13.523033883347914,Rice,Loamy,Seedling,0.0,Medium
30.211330326767467,25.680442497536742,12.487208961467761,23.90718202244554,Cotton,Loamy,Vegetative,12.21,Medium
29.31721292530785,86.60434971237511,17.163774453222413,26.225332458447365,Maize,Loamy,Vegetative,1.93,Medium
26.493844594008156,78.69442836901175,42.602420790234646,57.25612243724434,Maize,Loamy,Vegetative,0.0,Low
38.08550284221462,76.35632229469638,27.960906588422908,24.13336802705795,Wheat,Loamy,Maturity,0.0,Medium
32.396893376969274,77.60886635292373,25.737109687838995,33.0434367634826,Wheat,Sandy,Flowering,12.37,Low
22.0261553976912,85.2897355692933,4.978985677001447,43.56522117821399,Wheat,Sandy,Maturity,0.0,Low
25.504580048745282,58.09777762795884,0.8014078227561561,18.10916862039387,Sugarcane,Clay,Maturity,9.44,Medium
37.08146909148989,34.019741250733816,48.184259434352455,34.322119357093726,Maize,Sandy,Flowering,14.86,Low
21.903271487257506,63.17485254967788,18.849308364342082,46.92695197379538,Wheat,Loamy,Maturity,0.0,Low
41.28017285121922,72.00170455675573,30.160653104975214,53.3427606513533,Rice,Sandy,Seedling,6.48,Low
32.37866317534936,71.65421753478178,3.9857536593642493,41.312963733121336,Sugarcane,Clay,Seedling,5.51,Medium
32.0146644331662,56.50143169168161,34.155714286152325,43.452675765847395,Cotton,Loamy,Maturity,0.0,Low
34.81019461648794,24.792110353350463,46.62833543529805,16.31417362922845,Maize,Sandy,Vegetative,5.57,Medium
40.61702414812873,45.97790569010895,28.783262649870984,57.288824862317355,Maize,Sandy,Maturity,2.67,Low
28.695230197554828,84.45366259243501,6.305766118770528,16.62870387422412,Rice,Clay,Vegetative,13.02,Medium
36.95040381397659,60.91142368301982,29.086076373673837,48.733646859089916,Cotton,Loamy,Maturity,0.0,Low
34.143299099894776,57.68323602789994,38.31736065523262,23.240816088915942,Cotton,Clay,Seedling,0.0,Medium
26.675706754235534,38.81974600675355,20.320826828700934,56.67965718506258,Sugarcane,Loamy,Vegetative,8.19,Low
41.96574965887895,45.79142439416052,43.99188739707339,45.99797696847398,Maize,Loamy,Seedling,0.0,Low
39.9356505401732,82.67422624072185,32.434147667868224,47.690685648918446,Wheat,Sandy,Maturity,0.0,Low
36.46129586646064,66.6524133268785,44.962445914460126,20.952958652994166,Rice,Clay,Flowering,10.68,Medium
41.26454322735604,75.11709187266331,31.17526556236686,32.151998831758036,Rice,Clay,Vegetative,7.1,Low
41.68235502399506,51.80417961473586,6.564398600241211,40.89065972946432,Rice,Clay,Vegetative,22.95,Low
37.70907441787587,64.11730536193105,15.484585555259455,48.498680910330044,Rice,Loamy,Maturity,10.61,Low
40.925333209091804,37.386852612024526,10.089747412622845,15.197968795619479,Wheat,Clay,Maturity,6.79,High
37.43678654173209,69.38225811984404,45.441324885843116,58.11826582272642,Wheat,Loamy,Vegetative,0.0,Low
37.00351929400751,49.93209335923361,38.02000336437413,54.5110335277278,Sugarcane,Clay,Flowering,7.36,Low
35.46528445537961,50.97818603703219,33.8199184455003,23.517429524779217,Maize,Clay,Maturity,0.0,Medium
38.81791598894103,65.4525627203817,15.048315981581084,51.1380121516166,Wheat,Sandy,Maturity,5.21,Low
23.96512763232684,85.53964350282486,9.202238602510675,35.91619615199117,Sugarcane,Clay,Maturity,2.08,Low
42.02176897997321,24.480444262603463,37.82255439944559,33.090324078100934,Cotton,Sandy,Flowering,27.97,Low
41.7960881936308,77.73202661429053,23.707897293953984,25.72170529057027,Maize,Sandy,Vegetative,8.65,Medium
20.731182075863977,40.46681772885351,11.289477607531456,39.04842933157963,Wheat,Loamy,Seedling,0.0,Low
40.64541876411907,51.07436181544645,30.831098908263755,46.49445588517989,Cotton,Clay,Maturity,0.0,Low
23.22174668683613,21.53393301425063,2.0166926069225988,30.546645248137914,Sugarcane,Clay,Flowering,23.07,Low
28.377971356478547,41.073225448401914,16.308512706412674,41.46095965041461,Wheat,Clay,Vegetative,0.0,Low
38.5877064072902,55.18418698410913,23.427849729556733,44.965646057765184,Wheat,Sandy,Vegetative,11.16,Low
24.018997401207706,23.93232541432073,7.397916705470292,45.55609085076429,Cotton,Clay,Flowering,12.72,Low
40.44917560297655,54.37670105682156,49.23272387954198,12.598304906559012,Wheat,Loamy,Maturity,0.0,High
40.80335444894355,84.89774402008992,10.454868229480713,52.987390284253344,Rice,Loamy,Seedling,11.15,Low
32.68669334402091,27.377525267546368,6.517656502163277,32.9126657382524,Wheat,Clay,Maturity,5.4,Low
20.15964679292084,73.5108509652853,10.17674369434482,23.12080408481072,Maize,Sandy,Vegetative,9.03,Medium
27.17595332937282,48.67697373631948,38.45305665798621,22.08822537398408,Cotton,Loamy,Seedling,0.0,Medium
35.423172959393554,65.86216001670365,21.27528296359214,34.15070564219752,Maize,Loamy,Maturity,1.27,Low
44.529654450685584,38.21656185896606,28.270796987626902,54.34157697344796,Sugarcane,Sandy,Seedling,8.94,Low
35.79533817541671,31.16445837789508,1.0504578493180372,28.917379084132346,Maize,Loamy,Flowering,26.31,Medium
26.495089526603994,31.232382998985848,1.7215654286657278,47.48628733917717,Rice,Sandy,Maturity,20.58,Low
35.85014257749028,24.934436195020126,22.291277491350808,14.84093654936093,Rice,Loamy,Vegetative,25.72,High
33.49963449289639,32.99526934308701,40.832762160081174,33.80283510755309,Maize,Sandy,Vegetative,2.73,Low
39.49613487877859,66.49535694922778,44.26194393537826,59.58430701963678,Sugarcane,Loamy,Seedling,0.0,Low
22.67451597067396,81.71834282904555,4.335328379782011,48.52189013961685,Wheat,Clay,Flowering,6.75,Low
39.025697562550704,76.98879799138132,26.918155105051138,20.52642442203065,Rice,Loamy,Maturity,8.89,Medium
33.531664466902754,67.95940169121388,45.66148431396353,35.072073684895535,Maize,Loamy,Flowering,2.4,Low
44.07480009647487,27.730230438777188,19.398637719894317,21.681238182428327,Maize,Clay,Flowering,15.65,Medium
28.54680415096715,40.24312124071649,41.47829157141843,30.47804636312546,Maize,Clay,Seedling,0.0,Low
35.8155473283487,41.68648127257283,6.68478271997181,49.00420118674824,Wheat,Clay,Seedling,0.0,Low
43.30070263775043,37.49698624783349,46.769724483389936,48.561240764520186,Cotton,Clay,Maturity,0.0,Low
22.56274319976698,56.05039617968062,37.57116587656513,21.405018895119255,Sugarcane,Sandy,Vegetative,2.29,Medium
43.43071218091128,57.48876704157708,47.06671963934508,56.11116590774301,Cotton,Sandy,Maturity,0.0,Low
37.197143057520336,44.982018261977714,33.83086167762532,39.62840913824134,Sugarcane,Loamy,Flowering,18.15,Low
21.695926477629296,44.76524111155052,18.17019659997135,28.996214548100728,Sugarcane,Loamy,Seedling,0.0,Medium
27.524089173670404,77.9988918534257,46.909058626236124,35.09677903904303,Maize,Loamy,Flowering,0.0,Low
37.704302216132035,75.250499382378,13.778338815458923,40.25356267188718,Rice,Sandy,Seedling,17.32,Low
21.683765036719294,41.54570821765219,16.60862610308663,37.99452659228927,Maize,Loamy,Vegetative,4.69,Low
34.55426150440683,83.96519107112815,35.040420900087014,34.32025177680891,Wheat,Loamy,Flowering,0.64,Low
28.64707642382392,86.69705119017543,38.26581497626931,35.246640204470005,Sugarcane,Sandy,Seedling,0.0,Low
35.52288794418693,42.87197794210286,46.47017419245769,18.82059552139431,Rice,Loamy,Maturity,0.0,High
21.14355084531282,44.80974641551384,10.240120452810475,50.63664521523397,Sugarcane,Sandy,Maturity,8.93,Low
41.78842015380941,55.394390739537116,39.8999017609612,37.08801599705077,Sugarcane,Sandy,Maturity,5.74,Low
44.33722422943492,85.87845687735715,36.927302669848174,16.553993085235156,Maize,Clay,Flowering,0.0,High
44.22194638214229,81.34236031996181,3.1897278126798936,48.307855079138896,Rice,Clay,Seedling,12.0,Medium
38.741295793573116,27.179757380851285,19.361157060510347,56.62219891886754,Rice,Sandy,Seedling,18.88,Low
23.2521560032658,47.49115202899914,14.13827285300493,57.3653449618481,Sugarcane,Sandy,Seedling,3.83,Low
38.95657989822556,58.73598328248403,15.22452121770152,28.450886620558638,Rice,Clay,Flowering,25.39,Medium
20.614672911470038,55.2192730786078,49.14734397773504,16.775843678037702,Rice,Loamy,Seedling,0.0,Medium
20.553088788224933,33.57041475558249,32.138870673996394,35.91998133165326,Maize,Loamy,Vegetative,0.21,Low
28.09025547873853,80.11717398177083,35.883807889674976,15.630461467461034,Cotton,Loamy,Flowering,0.22,Medium
32.21607976011664,67.3858548097786,48.830881865750456,56.69937092563086,Wheat,Sandy,Vegetative,0.0,Low
39.26018544519483,78.65358623962625,18.860089122881934,19.1789813677573,Cotton,Clay,Vegetative,5.4,High
37.08238441516263,80.11349955446306,40.0920084226403,22.638292997558203,Rice,Loamy,Maturity,0.0,Medium
31.14756765941871,72.38490975660179,21.72654816522477,30.331826344248523,Sugarcane,Clay,Flowering,8.32,Low
26.840666657041645,50.74474208748021,43.47668359074899,29.15822342795629,Wheat,Clay,Seedling,0.0,Medium
44.92811250394278,62.73827285107972,9.03287706556516,49.73314461989445,Wheat,Sandy,Vegetative,20.2,Low
30.654532555899323,31.225578428382022,47.38430885321398,32.81584102754812,Sugarcane,Loamy,Flowering,8.36,Low
31.284675608241887,67.15517922324354,10.938585420543983,18.538413000166845,Wheat,Clay,Seedling,1.19,Medium
24.090595529791727,32.54772790174965,16.311025349046577,23.360494774303703,Sugarcane,Sandy,Maturity,12.05,Medium
39.87023871874823,68.57647133571098,37.80961170533902,35.4556692593761,Wheat,Sandy,Flowering,11.32,Low
37.34205564453721,36.07187125277781,19.687757078270334,17.372695871306746,Cotton,Sandy,Flowering,30.46,High
25.51924031971901,28.228591010515398,30.410568838322334,40.58278378230071,Wheat,Loamy,Flowering,5.5,Low
22.059526140396066,31.56991431000702,22.228675053471424,38.287365327557296,Maize,Loamy,Seedling,0.0,Low
37.012482551867826,20.13944946533492,37.118496854489095,45.735115819112885,Sugarcane,Sandy,Vegetative,26.49,Low
36.362780357028385,70.31177324974712,11.416562618430543,56.885230768968384,Wheat,Loamy,Vegetative,2.89,Low
26.831488174955233,71.26807343408655,2.92289936184385,55.61272805505779,Sugarcane,Loamy,Flowering,24.37,Low
43.771589056260254,56.04533449392816,14.996469873653313,57.30378090344157,Maize,Clay,Flowering,11.58,Low
23.776447294522505,31.29539607387686,23.715433243421515,22.235779851185047,Wheat,Sandy,Seedling,0.0,Medium
30.80837002606505,25.848803625748282,8.40100260963393,16.57826533196773,Wheat,Sandy,Maturity,10.9,Medium
43.59039800418997,21.33902765061009,17.739864482819435,25.113835024822425,Maize,Loamy,Flowering,21.66,Medium
30.493182923153057,31.60237238756545,19.999150914678427,54.75425863831573,Maize,Sandy,Flowering,18.86,Low
35.96314869160214,82.35988744882027,2.869592184413677,58.60267373117441,Maize,Sandy,Maturity,8.14,Medium
29.939859949069856,36.907578919117725,29.16536240921023,52.9662475535238,Sugarcane,Sandy,Flowering,26.84,Low
26.85538005871675,44.7989929052051,44.217171398564375,15.50088605637718,Maize,Loamy,Vegetative,0.0,Medium
44.599441198995706,27.374183913693322,7.587145647652621,57.37139990298966,Sugarcane,Loamy,Flowering,39.8,Low
30.233350157876075,35.56529133237192,29.8904006700757,31.1679013675393,Cotton,Loamy,Vegetative,4.6,Low
42.352480091978364,56.34571995461436,33.23696024554231,10.465514538117684,Wheat,Clay,Seedling,0.0,High
25.748865147277154,62.542687816695675,20.966734020964417,32.119687037409676,Wheat,Sandy,Seedling,0.0,Low
25.327617600627082,37.17466199163478,35.0548793682135,12.30345848377338,Rice,Clay,Vegetative,1.55,Medium
20.778352072112785,24.041251145758203,20.5365771745506,37.19389605805588,Cotton,Loamy,Vegetative,2.11,Low
36.29167063439712,47.37230083891791,25.231864398871746,26.927701371852567,Maize,Clay,Maturity,0.0,Medium
29.21315859309403,36.39423596484339,0.367652227721349,33.67174667970244,Maize,Sandy,Vegetative,18.51,Low
41.608956245990925,35.368774626086136,34.58600570673444,40.65851803715585,Cotton,Sandy,Vegetative,13.31,Low
31.83024766728893,87.19039618994186,33.06713394723622,53.44005479089101,Maize,Loamy,Flowering,0.0,Low
44.20483569786804,63.14103401480068,1.9200438663172281,43.09507882359643,Rice,Loamy,Maturity,22.63,Medium
24.63813789257803,58.98149102204671,18.412505369756655,31.702443423909035,Sugarcane,Clay,Vegetative,5.25,Low
41.71557919889027,49.104257246632535,48.95159203958337,50.97139268351825,Wheat,Loamy,Vegetative,0.0,Low
39.41492131979354,50.0261033401101,21.03682812843084,55.27910687865661,Cotton,Clay,Vegetative,0.09,Low
39.2730461161013,57.863350268665656,25.097270256592086,15.987998321609862,Wheat,Sandy,Flowering,19.05,High
41.11958070292219,68.75008649252752,45.49650790798593,36.59664887763957,Sugarcane,Sandy,Flowering,23.87,Low
39.02559977357497,69.15022673272806,35.86309379328782,24.225597987122207,Cotton,Sandy,Flowering,19.18,Medium
35.655508040785385,32.01857353938147,29.10350655621118,12.35305989384737,Sugarcane,Sandy,Seedling,12.36,High
23.28112194205969,55.00789264536389,39.890234067053626,43.42733475569927,Maize,Sandy,Flowering,3.63,Low
20.8131544872813,48.837066652387136,43.218313322798664,53.13853887296128,Maize,Clay,Vegetative,0.0,Low
43.02119619539217,80.93688763885689,22.844403586863343,18.1451327238697,Maize,Sandy,Flowering,21.73,High
35.41625786301845,64.19932448528635,23.75541824659177,50.62068288119502,Sugarcane,Clay,Flowering,9.26,Low
39.91343227440441,57.275284649118724,19.30254678259179,52.66978667684708,Sugarcane,Sandy,Maturity,15.42,Low
32.03805878781375,28.077624952524218,48.33530700092303,55.71702213332418,Sugarcane,Clay,Vegetative,0.0,Low
22.93270472405986,62.3946522526388,34.85831271451752,23.264254454302623,Wheat,Clay,Flowering,0.0,Medium
23.129644805063762,28.20427339761634,4.1611533104036145,55.197653259494466,Sugarcane,Clay,Seedling,3.05,Low
37.13913218072429,43.60446028960264,43.147981165650926,26.03313773682161,Maize,Loamy,Maturity,0.0,Medium
30.757647372486566,29.99893753700323,24.027997041813403,37.616900672775145,Rice,Clay,Flowering,19.56,Low
25.013118167508416,68.44515529170582,3.437695321124373,12.525373541614107,Sugarcane,Clay,Maturity,7.48,Medium
32.28986366853592,34.43764796853068,27.485862758165553,12.19405441843718,Rice,Sandy,Maturity,17.32,Medium
21.605223426878354,47.43015612316182,20.858213948785103,46.01866063661014,Maize,Clay,Seedling,0.0,Low
34.54928504785997,82.6972344333145,43.88747024313125,32.22399889888955,Sugarcane,Clay,Seedling,0.0,Low
26.724835110877443,34.30214683792792,10.199730180469368,22.81461876846088,Wheat,Loamy,Seedling,5.33,Medium
39.93897751592971,55.54635447711454,41.32323047460915,19.520674801245512,Wheat,Sandy,Vegetative,0.59,High
27.759048973089342,49.349016281621545,27.884434559272638,43.4976745429609,Rice,Loamy,Maturity,0.0,Low
31.38050372704503,21.26868287320108,2.7305151606734523,10.020077201266993,Wheat,Loamy,Flowering,26.68,Medium
20.290513497702516,75.4930679500969,48.59226506627423,50.29455845984271,Wheat,Loamy,Seedling,0.0,Low
21.81117219486397,24.83321344202198,25.630762205159996,13.962480306496442,Wheat,Clay,Seedling,0.0,Medium
29.81233891016712,53.19785146838675,14.543842711579124,19.57448074540597,Maize,Loamy,Maturity,4.77,Medium
31.998470867928088,59.2474806457265,23.470342099462904,29.31181976495448,Wheat,Loamy,Maturity,0.0,Medium
35.000513702982595,63.989851963021096,42.89288917587445,34.24293698580518,Cotton,Sandy,Maturity,0.0,Low
27.29156446773258,68.20421405155129,15.245156219253175,27.74975579069709,Sugarcane,Sandy,Flowering,25.48,Medium
37.37454715316356,37.72906684659006,9.633819824335015,26.035608249214693,Wheat,Sandy,Vegetative,25.15,Medium
41.503059929730114,20.698514366091455,6.453562346544073,58.19580060365942,Wheat,Sandy,Vegetative,26.41,Low
39.496274722333744,70.64105636484385,14.892969919510563,42.07898406216971,Wheat,Loamy,Seedling,0.0,Low
20.990470633708927,57.495961954330504,39.00240435200217,11.17164776836941,Cotton,Sandy,Vegetative,1.21,Medium
32.012673681445726,78.52823922450742,23.581318259763083,31.50879542221566,Wheat,Clay,Flowering,1.62,Low
22.623254460454373,77.4971854030486,11.374080184676998,53.75043498719851,Wheat,Loamy,Vegetative,0.2,Low
26.051125396563187,79.03283174515182,8.30924998048746,25.0728093205334,Sugarcane,Sandy,Flowering,23.25,Medium
44.66656483167866,53.95662619856781,16.636473825518955,14.727817238719412,Cotton,Loamy,Seedling,7.29,High
23.56238857253783,43.3539877085806,46.99621864428544,47.91923857949589,Cotton,Sandy,Maturity,0.0,Low
32.4722038362839,75.40907418139591,17.15133562950122,40.300691596804064,Wheat,Loamy,Flowering,6.72,Low
35.45389335795298,51.590587912047845,49.40620379773177,38.515625391325194,Cotton,Sandy,Maturity,0.0,Low
37.561624263602596,32.840953748240416,24.261522788267808,12.678827980370396,Rice,Clay,Seedling,7.38,High
33.991217087172856,79.8481813693032,8.958195914507543,17.02495048977587,Cotton,Sandy,Flowering,23.94,Medium
20.24427118547959,81.77919137406431,44.55700458967547,41.12746981065569,Cotton,Loamy,Flowering,0.0,Low
28.1615327060998,52.64168292981191,23.017768656741346,20.39119207294179,Cotton,Loamy,Vegetative,7.21,Medium
32.94279108461779,25.29898091168512,35.48356717522622,35.203503987421215,Maize,Clay,Flowering,2.07,Low
22.196662478620834,47.14782629418519,49.185579160457586,37.24408430146967,Maize,Loamy,Seedling,0.0,Low
28.76567328022952,76.24763616238224,2.5087675159987,24.175359513546972,Maize,Clay,Maturity,6.94,Medium
20.830077719784164,83.124181998236,4.834727989378357,57.42125777707464,Cotton,Loamy,Flowering,10.1,Low
21.964462428875517,34.24309197483171,36.02283707313781,52.12320534177876,Rice,Loamy,Seedling,0.0,Low
29.9230819050399,24.688152841769007,14.0912501647736,46.118675381639925,Cotton,Clay,Seedling,0.0,Low
23.31789385107651,81.41453171929871,9.215069847504953,13.899693320470455,Wheat,Loamy,Flowering,5.72,Medium
34.18852120653895,47.25834572852127,1.9680939909864748,15.306500965450972,Rice,Loamy,Vegetative,30.82,Medium
37.236624228431644,57.92326749872943,1.0923355993100903,34.639067293247784,Maize,Clay,Flowering,17.83,Medium
40.01466747772707,87.76460684355312,38.72428015598955,18.035667459549284,Sugarcane,Sandy,Flowering,21.8,High
25.003756106120253,24.6595309539956,6.7216713684775,58.9132731764737,Rice,Clay,Vegetative,13.95,Low
24.187064556476745,65.38226052164669,23.386030798557545,17.92601170137047,Maize,Loamy,Seedling,0.0,Medium
22.614196008360008,25.187379580240695,30.29484075897415,34.3733917731987,Rice,Sandy,Flowering,33.15,Low
35.91075623859092,46.28282499265502,21.417590028442312,28.20605284207527,Rice,Sandy,Vegetative,35.72,Medium
37.66189316217253,76.26701816354128,1.3553326168116553,41.9693210727049,Cotton,Sandy,Maturity,10.05,Medium
20.78965362064105,50.34305629289441,39.175075129395445,16.451820444471245,Wheat,Clay,Maturity,0.0,Medium
43.405306156092244,89.80276477320653,0.5256612270826744,31.515821402119546,Sugarcane,Sandy,Vegetative,33.89,Medium
21.29928209128681,59.134149946262156,38.0944947188742,23.735251640357184,Maize,Sandy,Seedling,0.0,Medium
33.53240838252676,42.48135068451674,44.66522468940614,54.387576233584404,Rice,Sandy,Vegetative,14.85,Low
37.72651298627291,35.40779281333272,21.641996052858616,12.029285606734755,Sugarcane,Loamy,Seedling,6.42,High
41.77422809365214,44.53643740003133,26.777123654889913,55.686374700322965,Rice,Clay,Maturity,4.08,Low
37.85217330331069,46.07732916316856,23.849169630882688,51.64970692765002,Wheat,Clay,Flowering,3.65,Low
40.04320207674479,24.809957440677266,19.460430931171942,24.878535822040774,Sugarcane,Loamy,Vegetative,22.99,Medium
28.486254813570152,45.87019395987412,44.371226768518014,49.464532733855236,Maize,Sandy,Maturity,0.0,Low
40.3706278436628,52.49669638174574,44.69667553349952,11.560678016937377,Rice,Loamy,Flowering,24.35,High
22.00287115961688,70.59164265671632,16.790818232076727,58.34327751466968,Wheat,Loamy,Maturity,0.0,Low
42.37041640151319,65.97106393051256,30.7534877007349,36.32974712948946,Sugarcane,Sandy,Vegetative,19.72,Low
33.689809403843405,69.6135958660408,46.34537810729321,25.164051303272263,Rice,Sandy,Vegetative,10.94,Medium
40.43244424906234,20.585457731379996,48.10292494706758,28.129160629733853,Rice,Clay,Flowering,22.74,Medium
31.307957112957503,35.23671797063752,25.447952021102378,13.320267673024869,Maize,Sandy,Vegetative,12.96,Medium
36.08944237991312,66.31790018798995,22.64124026421634,59.46747570210196,Wheat,Loamy,Maturity,0.0,Low
33.16006652340283,53.8792557725823,13.934715796426289,11.964597257534622,Cotton,Loamy,Flowering,22.23,Medium
38.2897380438833,20.371943296784217,47.9435936595205,42.745356157392955,Rice,Sandy,Flowering,45.07,Low
22.04074955076474,76.31462497022756,7.140715223643368,32.13679638532292,Sugarcane,Clay,Maturity,3.53,Low
21.508802099764097,74.09667013032362,28.99147880238625,57.44581090943576,Maize,Loamy,Seedling,0.0,Low
26.177580850253662,58.38934140954939,14.127513375931944,22.29998701533976,Maize,Sandy,Flowering,22.23,Medium
23.98861700282971,24.65243280433905,13.95041451738983,36.60434119690056,Rice,Clay,Seedling,2.24,Low
41.794589164805046,73.65605346728093,20.248429368809422,34.11781042913765,Rice,Clay,Maturity,6.24,Low
25.480349683951108,60.859951141195474,49.939646790782724,45.14332220250507,Rice,Loamy,Maturity,0.0,Low
44.39663139547828,74.73719840105714,2.7483153419911033,13.400511597621026,Cotton,Loamy,Flowering,33.29,High
28.422394794277672,72.62228946770884,28.927090910176574,19.68945650116774,Rice,Clay,Vegetative,3.15,Medium
24.55294789221748,76.21014503704859,4.128607901763859,20.72824100464249,Wheat,Clay,Flowering,12.57,Medium
39.74246267856198,56.26056464832374,7.726041499525948,46.907537742084486,Sugarcane,Clay,Vegetative,17.38,Low
36.4676943875219,29.82271627354605,21.978147088644935,19.456934816337004,Rice,Sandy,Seedling,20.39,High
32.45489291132847,66.98102313657822,25.523006567322064,38.67458819454883,Cotton,Loamy,Vegetative,4.45,Low
33.88408877344078,63.43316495363794,12.9396204182262,20.762191025047684,Sugarcane,Clay,Flowering,18.91,Medium
37.980044456806596,71.9577231039361,15.822856543720809,53.08124750419892,Maize,Loamy,Vegetative,11.0,Low
25.711368533282467,31.89167042355147,4.348351012796653,57.109272724481926,Rice,Loamy,Maturity,12.6,Low
44.90834790141855,33.648263993020244,15.160989192212526,35.92464874711202,Sugarcane,Loamy,Seedling,14.77,Low
44.36982905366958,82.32866620535299,48.3279219690272,27.615444210458914,Maize,Clay,Maturity,0.0,Medium
36.25814215867342,72.49844589164496,47.235369083624086,21.702888750874955,Cotton,Sandy,Maturity,0.0,Medium
24.988561273228626,83.57599420902261,16.74391450684925,12.48905007615219,Wheat,Clay,Maturity,0.0,Medium
37.00570606078229,73.11007248147445,28.54269681393808,23.42500380987477,Rice,Loamy,Maturity,5.91,Medium
21.804960224479395,61.80087141932113,45.479769555547215,42.71178899726589,Wheat,Clay,Vegetative,0.0,Low
20.766312555145152,65.78929159195116,0.3091911320448337,36.68084656546054,Cotton,Clay,Maturity,3.15,Low
26.442072212780342,82.2389546758007,40.53417851687959,57.20206391404637,Sugarcane,Loamy,Vegetative,0.0,Low
31.565573918482908,60.51647281583584,47.418477639445946,29.81386312458503,Sugarcane,Loamy,Maturity,0.0,Medium
41.706812635209516,64.26739270298711,4.566286716677853,44.69316711641973,Cotton,Clay,Flowering,17.93,Medium
38.1792267441577,30.95337012025204,8.072384301646052,34.46613737375607,Cotton,Clay,Maturity,11.31,Low
38.56766302999952,53.17448540812719,48.03731513856777,35.62881079621059,Rice,Clay,Flowering,9.75,Low
30.637333361201883,70.14779783706692,26.877007182017316,23.388715730205874,Maize,Clay,Vegetative,0.0,Medium
28.648374813674074,38.96598888214558,0.7098317235861851,32.747538842099985,Wheat,Sandy,Seedling,11.2,Low
29.27596907461507,34.157792636717446,12.881599938176457,33.539249850635365,Wheat,Clay,Vegetative,4.23,Low
44.69123909340145,41.967876575709084,22.49718371344298,45.332126087446696,Sugarcane,Sandy,Seedling,11.61,Low
21.002729785312063,36.90504395949834,34.64544555123838,57.03199995930569,Sugarcane,Loamy,Seedling,0.0,Low
41.675787403061214,35.04388459254771,36.65801890683998,26.466063874125215,Rice,Sandy,Maturity,12.87,Medium
34.46688521430983,49.739559000766086,49.771075646272806,12.110023429064922,Cotton,Loamy,Seedling,0.0,Medium
30.965385479739762,83.5486959718474,14.37555996918795,34.81475627503198,Wheat,Sandy,Vegetative,7.33,Low
38.13144151037841,55.49417527171028,26.91100509342376,37.22306660745843,Rice,Loamy,Maturity,9.61,Low
32.16672353561757,33.15442665707261,26.666177392980252,18.422027556595765,Sugarcane,Clay,Seedling,0.0,Medium
41.83558095204151,25.388016856661185,20.282262972361874,48.02323031380334,Sugarcane,Sandy,Vegetative,31.91,Low
42.51754660028146,68.73093015965478,8.45809469212101,59.24645542207458,Wheat,Sandy,Seedling,5.95,Low
30.543023171836385,46.79591351054715,48.872828159192125,57.288735850423045,Sugarcane,Loamy,Seedling,0.0,Low
26.920694930876287,77.52816626097515,42.6658593333293,19.85530194118261,Sugarcane,Loamy,Maturity,0.0,Medium
34.80875821483406,66.16575380485392,24.91665141471186,53.768161995038035,Maize,Sandy,Maturity,0.0,Low
42.80908364041727,75.73690153789579,30.16227113420149,45.22468182058424,Cotton,Loamy,Vegetative,4.43,Low
25.266554725141663,39.03622275929141,11.363052677983115,32.69232819034558,Sugarcane,Clay,Maturity,2.14,Low
35.57416458908707,68.46512457227408,27.189353519587346,37.03054971623645,Maize,Sandy,Maturity,0.01,Low
35.78900550231302,38.48433892856032,34.74850665607379,52.4800087491229,Rice,Clay,Flowering,18.6,Low
38.327825560382024,85.7347935615204,25.75835141932944,34.00674698191866,Sugarcane,Sandy,Flowering,27.06,Low
23.289192128181494,64.5461997073362,49.514258529247066,28.660368455256343,Rice,Clay,Vegetative,0.0,Medium
37.895624117052215,42.71582601227395,30.56708281238631,34.66237465129929,Sugarcane,Sandy,Maturity,7.81,Low
42.72581301664103,38.865830360459086,18.548685629608453,38.95649020175246,Wheat,Loamy,Vegetative,8.55,Low
24.492077721756047,33.36486095501505,38.607601380791905,19.453882688917442,Maize,Sandy,Flowering,11.35,Medium
25.93858312309694,68.62486712256094,8.523125579082102,55.045386513349534,Maize,Clay,Flowering,7.45,Low
44.28487735104099,35.31009290985491,19.225790685313328,43.709347441480695,Wheat,Sandy,Flowering,19.98,Low
24.524423817737244,61.67122861492423,17.34794751887929,41.66344586687445,Cotton,Clay,Vegetative,0.09,Low
41.35962733423948,38.52445188477502,21.590354755388862,14.974811309031907,Maize,Clay,Maturity,1.98,High
32.30694641120087,66.3378261355708,39.08899129643631,40.20869690862959,Rice,Clay,Seedling,0.0,Low
26.180776860079426,77.04578099783774,24.208651608170374,16.048033111924617,Maize,Loamy,Maturity,0.0,Medium
41.768747531812785,74.46176702012572,39.70072251329814,13.934883759769953,Cotton,Sandy,Vegetative,11.47,High
31.132631375066637,73.25959316515471,28.824445156993296,36.36554478211967,Rice,Clay,Flowering,11.09,Low
32.87043384824226,33.140568398457646,17.103471732877768,30.13927670232475,Rice,Loamy,Seedling,8.86,Low
28.98083423499414,26.18694628891631,40.49893718417362,39.44051350781116,Wheat,Clay,Vegetative,0.0,Low
34.823771285873185,68.92641799411699,11.914483527654578,14.46110840286193,Sugarcane,Sandy,Flowering,35.33,Medium
24.08809681462557,45.78430496560459,11.219148989989774,31.54915314236292,Wheat,Loamy,Vegetative,6.86,Low
29.77703841629402,50.26423584823431,25.22514620274179,18.7393357522579,Sugarcane,Clay,Seedling,0.0,Medium
44.23530805838219,22.180436495537375,13.042462298104446,59.35500429620583,Wheat,Clay,Flowering,12.7,Low
26.45333581752819,38.170351449253445,0.4543517475608161,38.05751062175872,Sugarcane,Clay,Maturity,12.12,Low
36.4184166135323,22.35734827121248,32.41487636494008,44.37184304704336,Maize,Sandy,Vegetative,11.14,Low
28.129751605617372,81.54300408208734,25.5546910736199,26.270914034130392,Rice,Loamy,Seedling,0.0,Medium
39.33682814216502,37.03776782529714,22.27589072465806,14.736945738967208,Sugarcane,Loamy,Maturity,8.9,High
23.271841517958745,59.01360187011056,48.348425730915764,58.79354313917683,Maize,Loamy,Seedling,0.0,Low
44.24552612696362,22.728552446279128,28.559959198145684,24.31295176915916,Cotton,Clay,Vegetative,6.66,Medium
31.34473853459098,66.67931739139607,43.171578889469224,31.19040925867871,Wheat,Loamy,Seedling,0.0,Low
25.9012615836616,42.61191420278657,6.972511810258009,42.49319608512875,Cotton,Clay,Flowering,11.1,Low
21.837418683250316,82.8543430870366,28.460323156471386,11.234864884305564,Maize,Sandy,Seedling,0.0,Medium
24.24394762718852,82.1682732253825,43.39898133654515,50.51295652586435,Cotton,Loamy,Vegetative,0.0,Low
32.99434871390044,42.77034328532234,29.1552878639949,36.82890950143101,Cotton,Clay,Flowering,5.16,Low
28.425079410782157,83.06726269833275,35.900708906350076,23.910859353441108,Maize,Loamy,Seedling,0.0,Medium
40.72208414706523,89.73103714491452,18.60217839061037,13.080399264623463,Rice,Loamy,Seedling,9.86,High
30.772188091545146,77.77909648867637,4.622475851853331,18.124920773722074,Sugarcane,Sandy,Flowering,32.0,Medium
26.217856814690748,79.14099434286604,22.89501475635357,54.751692942671845,Wheat,Loamy,Maturity,0.0,Low
35.42862466510075,37.430611527636295,19.723969541942875,44.301211196794554,Sugarcane,Sandy,Maturity,12.82,Low
37.669430422136145,60.36916792004294,43.35300911894737,22.49508608184449,Wheat,Loamy,Flowering,2.08,Medium
24.176047697523746,24.707913977715748,12.199765117623611,13.280038247251476,Sugarcane,Loamy,Seedling,8.52,Medium
24.190480407207943,26.64425557751688,48.3367113767554,44.53076561933182,Cotton,Loamy,Maturity,0.0,Low
20.916785673338573,89.92248284233034,47.90690599022481,38.620386298388254,Rice,Loamy,Flowering,0.0,Low
38.41005037664101,42.86474745981377,12.381582153571935,30.22597622291175,Cotton,Loamy,Vegetative,16.62,Low
36.59511319054513,72.37287384341926,17.402597773866024,28.180572459503193,Rice,Loamy,Seedling,9.6,Medium
31.865771893745347,76.46655371187715,44.777787043694254,20.840713796455415,Maize,Sandy,Vegetative,0.0,Medium
41.10426122422993,80.06162897050604,48.331111044805375,43.48056282687588,Wheat,Sandy,Seedling,0.0,Low
40.14175382375133,89.83398081815096,22.1719551418022,58.53340138969352,Wheat,Clay,Maturity,0.0,Low
34.6338591099188,36.90475396798075,16.049852282044892,18.785762291841294,Maize,Loamy,Vegetative,10.89,Medium
41.70678201283147,22.82455788017898,26.3047006625771,39.85583100077517,Sugarcane,Sandy,Vegetative,29.25,Low
25.146030250919207,48.78340625962102,34.38846031828674,31.20925278729881,Maize,Loamy,Flowering,0.0,Low
22.7979904849432,29.105646888026286,13.67372576874899,32.33443608723324,Maize,Loamy,Maturity,3.99,Low
26.74374028792474,21.569812241343858,36.82365873095364,22.70736400639072,Rice,Sandy,Maturity,8.78,Medium
21.427171402232872,45.229877899904025,2.5828678557320517,51.25674378307095,Maize,Loamy,Seedling,3.78,Low
33.2792382000258,74.86167757526655,2.4647246382208223,34.262780207362056,Wheat,Sandy,Flowering,21.45,Medium
43.41514230737404,59.63264838575496,19.314385257277262,37.170292609913204,Cotton,Sandy,Flowering,29.98,Low
20.983588516712743,41.894459244724786,17.67365960303603,25.238045639866286,Rice,Clay,Seedling,0.0,Medium
23.052747850250668,65.80394038449037,15.781660768357614,19.090423283347487,Rice,Clay,Vegetative,8.35,Medium
31.30497570708588,36.24127262161675,24.5509881334455,14.295519410141024,Sugarcane,Clay,Seedling,0.0,Medium
43.34687543819762,21.00670122504595,16.03667911557856,45.70595704624579,Cotton,Clay,Seedling,1.91,Low
27.903902624418762,73.50473705054992,9.612895923404597,19.811714084392783,Rice,Loamy,Seedling,11.04,Medium
32.680870217209815,63.662015940480636,15.473477454430046,44.503767709439884,Maize,Loamy,Flowering,12.74,Low
21.0393214762598,73.3611837150672,48.74521364051175,29.518822302347694,Rice,Clay,Seedling,0.0,Medium
23.70858002405222,22.725661168136593,20.55567084974243,30.788740049482573,Rice,Sandy,Seedling,8.17,Low
44.665753073971175,78.59837394814565,22.23563884291679,33.45887480463858,Rice,Sandy,Seedling,14.76,Low
44.127967410901135,63.36683400254123,28.827249497557002,28.38542540637716,Sugarcane,Sandy,Maturity,13.17,Medium
20.12349952336024,59.43767454988481,49.16703842071133,15.030998861129504,Rice,Sandy,Vegetative,2.78,Medium
43.79529463558097,63.72298336801721,12.080063821788151,25.48159050014229,Rice,Loamy,Vegetative,29.9,Medium
35.97799844538751,80.51032728078549,34.06410552662169,43.18671803469692,Sugarcane,Sandy,Vegetative,10.23,Low
41.697957363000555,61.08555545912349,35.799234677086204,43.289220073443545,Cotton,Sandy,Vegetative,11.16,Low
31.368496390846477,60.66652659217255,30.366220839653295,24.311215361999718,Wheat,Clay,Flowering,2.32,Medium
32.88990071448126,89.3475409946036,4.428916981832204,33.0051313278844,Sugarcane,Sandy,Flowering,31.2,Medium
32.22116450642301,72.97111169479976,33.84361379137882,19.672361400596873,Sugarcane,Loamy,Seedling,0.0,Medium
36.67160643865261,50.96056638157947,3.204735551808774,20.51860407649179,Rice,Sandy,Flowering,54.1,Medium
23.49128136890782,69.51779000230493,29.807132477494847,11.15235442033037,Rice,Sandy,Vegetative,14.55,Medium
20.74933974681695,47.2461330184252,36.97905886108713,54.83732749538723,Wheat,Loamy,Maturity,0.0,Low
27.698248539779772,36.021282373844926,10.548494530997521,20.53533325374531,Rice,Clay,Seedling,8.17,Medium
37.61701906841617,61.77963138214316,42.0811003771387,21.376693846823166,Maize,Loamy,Seedling,0.0,Medium
25.04633630307371,84.9727468679766,1.5176902766502132,23.98007163225659,Rice,Clay,Vegetative,11.29,Medium
36.835810833122935,85.03976640108239,42.1906431829153,16.370403584771452,Rice,Sandy,Vegetative,16.91,High
44.24780115268176,43.933369467384324,23.016452532138253,41.963144159068136,Maize,Clay,Vegetative,6.22,Low
22.34751789473546,56.93742263551865,10.879396996582225,13.75714765887933,Wheat,Clay,Flowering,4.25,Medium
36.81505295562816,34.81451289989028,6.6889072496984,16.71012131631751,Maize,Clay,Seedling,7.16,High
31.093755482614277,89.69417766492184,47.66535837911863,42.237836329504646,Sugarcane,Sandy,Vegetative,0.0,Low
41.703556359437634,88.6782535507555,3.6332793790578357,26.983031024072137,Maize,Clay,Maturity,8.13,Medium
24.428744736184647,65.46562507952132,9.954670996796283,45.39739133505945,Cotton,Clay,Seedling,0.0,Low
37.315648805654114,76.30898417742313,17.3911173716523,37.8712372335071,Sugarcane,Sandy,Seedling,10.61,Low
40.95288224120276,70.05701128985899,31.011742448056022,22.801058653075653,Rice,Loamy,Flowering,27.3,Medium
43.61535548685058,61.52107533276278,27.240054263804918,42.541397524466404,Sugarcane,Loamy,Seedling,0.75,Low
37.081200707241145,23.73435978922284,6.282174620615699,15.813684014644032,Wheat,Loamy,Vegetative,15.79,High
32.42936910021068,51.833503978686274,14.486399186910731,36.820519154001516,Wheat,Sandy,Vegetative,10.33,Low
35.44618100503035,67.23504115171875,11.937588554301204,31.857405252251734,Maize,Sandy,Maturity,6.27,Low
41.72262461196796,67.42721297185793,10.677142724517068,23.393679140872038,Sugarcane,Loamy,Seedling,10.71,Medium
34.26524366597074,46.11858328956685,20.55721682399935,40.200249886975,Rice,Clay,Seedling,1.66,Low
20.759676492420923,85.91843906606213,35.20157262958284,53.566679617014124,Wheat,Loamy,Flowering,0.0,Low
43.273717387674445,31.714992256574668,10.872646610861796,59.945234988153835,Rice,Sandy,Vegetative,42.63,Low
37.23816877578903,55.02516123508924,18.33394398514907,40.38813843717122,Cotton,Clay,Maturity,0.0,Low
36.912834644431165,68.36187835855759,19.545871342058113,30.235293716458507,Wheat,Clay,Vegetative,0.0,Low
25.39187880994293,68.79950641242664,48.82282647177051,21.26035501081008,Maize,Sandy,Seedling,0.0,Medium
36.47213675581643,65.40472697381709,47.733317843953444,22.854804469755585,Cotton,Clay,Seedling,0.0,Medium
29.846610141353963,39.270174941630216,40.006879137603796,33.97274890748828,Sugarcane,Loamy,Maturity,0.0,Low
36.2808244260373,30.934459808063536,12.082946040959259,28.36388506403546,Rice,Sandy,Seedling,21.04,Medium
22.664825757699766,64.51582287786977,3.4018657045834844,55.69072613124721,Wheat,Sandy,Maturity,7.31,Low
36.446132615075896,61.95114812976064,15.845206886031239,28.414773382785476,Cotton,Sandy,Maturity,6.08,Medium
44.985343144266665,32.55492072024687,13.339727471691543,28.672229557271773,Cotton,Sandy,Vegetative,28.94,Medium
21.2053009715139,69.35974018993943,25.296290007319694,29.176725621698846,Wheat,Clay,Maturity,0.0,Medium
44.429354605532936,51.862039421355945,38.88639550338965,51.831010518382904,Sugarcane,Sandy,Seedling,0.0,Low
30.172699018071768,66.7432414122207,42.9161469439429,42.539416042345096,Sugarcane,Sandy,Flowering,11.85,Low
41.76883625843148,78.61569558391055,42.243204270525425,40.70844251594463,Maize,Clay,Flowering,0.0,Low
39.559637101456836,31.88099000038462,17.983778061153387,26.70715111919311,Sugarcane,Sandy,Seedling,13.23,Medium
34.1754065246667,21.340140759778567,34.361717173034144,50.89520884162197,Maize,Clay,Flowering,3.16,Low
38.46123023128317,74.53718104770508,15.641709876211001,11.918193067785056,Cotton,Clay,Flowering,13.58,High
41.962889032533695,62.67881976068311,3.0452771617591354,53.53985861690566,Wheat,Sandy,Maturity,11.52,Medium
30.103508041275823,68.97476987354852,35.07826328014711,35.63749498969648,Sugarcane,Loamy,Flowering,10.96,Low
28.175829039080966,78.67084824920498,0.49137762848939226,29.91251174317064,Maize,Sandy,Flowering,20.49,Medium
36.68983463908962,76.19676543771504,20.45912937292443,34.858364035884286,Cotton,Loamy,Flowering,13.65,Low
40.19614854853147,87.26441028501773,16.468963465103787,43.37077652669155,Sugarcane,Clay,Vegetative,4.64,Low
39.057128369415395,57.51545551964828,34.66887692594262,10.638271325894868,Rice,Loamy,Seedling,3.26,High
39.94534122146587,54.194694286193375,38.312273638018944,53.577592822912386,Cotton,Sandy,Maturity,0.0,Low
30.889582870323324,48.132103992351105,15.204731798564191,32.336976265569646,Sugarcane,Sandy,Flowering,31.27,Low
40.445855404375536,30.75837299909432,40.581350722242675,27.148325985003908,Cotton,Loamy,Seedling,0.0,Medium
23.00522638426521,60.08250630174157,14.695838025246688,16.912278281702854,Wheat,Sandy,Flowering,11.78,Medium
33.61222744902124,39.39087670281852,22.31631799932806,31.973268717922107,Wheat,Loamy,Vegetative,8.61,Low
20.14396651245304,84.49152585490829,36.3509263507067,34.816138564218946,Wheat,Clay,Vegetative,0.0,Low
28.114645747506756,60.82335629939683,34.64601146123943,30.18233472467389,Rice,Loamy,Flowering,15.64,Low
29.161538371784946,61.49881263556771,49.36842361561,43.933004691344856,Wheat,Loamy,Flowering,0.0,Low
29.904317290231383,44.844726261390704,11.258051210796594,31.0448264379613,Rice,Loamy,Flowering,31.6,Low
37.38668016724655,23.639254638439525,33.115895676979115,58.070878892328665,Wheat,Loamy,Vegetative,0.0,Low
29.713952531758643,22.222063576109203,30.48409541378887,39.96387589117959,Cotton,Clay,Vegetative,0.0,Low
31.217340565563266,49.63346009072383,45.7549227245015,50.373896782595445,Sugarcane,Clay,Seedling,0.0,Low
25.938603271858184,25.91957646680665,7.818107082243753,15.467795155473942,Sugarcane,Clay,Maturity,6.14,Medium
29.3312947907335,62.479286887809735,37.58990817934665,29.864564647295285,Wheat,Loamy,Maturity,0.0,Medium
25.681740681578788,81.66811039477602,28.413430813438417,26.842385072357636,Sugarcane,Clay,Vegetative,0.0,Medium
21.829898094211092,81.80403715631056,13.73329348939527,38.47411940682959,Wheat,Sandy,Maturity,0.0,Low
35.086214834534445,66.13317870925627,23.721745707358703,53.055676003071284,Wheat,Clay,Flowering,1.64,Low
36.70531996387541,34.78622820310517,16.68882985348989,13.916910888100332,Maize,Loamy,Seedling,5.44,High
35.48725865024036,80.40977819512105,28.965670139423043,13.628739902235539,Maize,Sandy,Vegetative,9.38,High
31.58735109501431,82.02654047192456,44.450030540733295,52.51588540787994,Maize,Loamy,Vegetative,0.0,Low
29.494644504480746,33.76575094670711,28.4652492206101,20.64250430191787,Rice,Sandy,Maturity,15.25,Medium
41.583341239295635,71.61982600394741,31.586120916329204,43.437662722490685,Maize,Loamy,Flowering,4.88,Low
32.97704462840545,40.05636842489861,25.937392355735472,37.14390661804026,Wheat,Loamy,Seedling,0.0,Low
31.979546940743276,76.18482186470507,2.5582753222737953,51.644679744361476,Cotton,Sandy,Maturity,9.71,Medium
20.641051645160893,89.80665299325219,11.642927843804712,16.254445491820178,Maize,Clay,Vegetative,2.78,Medium
28.53119569065391,22.101820373057496,24.600086471604136,16.489148286130565,Maize,Sandy,Vegetative,10.76,Medium
29.504890469646426,82.81561060536524,15.511764187235238,37.84091801391538,Cotton,Sandy,Maturity,2.74,Low
29.97056952242251,63.584137351906065,9.088179888059711,57.318932667918546,Wheat,Sandy,Flowering,18.02,Low
34.504309230683305,88.13678334153748,25.206642095921914,30.749887918537713,Rice,Sandy,Seedling,5.42,Low
33.340063668171965,52.550666226849934,16.140489672392516,26.347105012734747,Maize,Sandy,Seedling,3.3,Medium
35.197627319836116,79.31715513999616,12.905382158670736,40.33446615989429,Cotton,Loamy,Seedling,3.76,Low
39.1220815385532,24.367584801879406,23.19927087201904,56.52243002725155,Wheat,Loamy,Seedling,0.0,Low
40.324643467902334,43.4695335054807,6.664212904108657,51.84639164223118,Sugarcane,Clay,Flowering,25.42,Low
37.95307690566236,24.6911576425847,46.38728665377037,59.77418053666099,Rice,Clay,Vegetative,4.81,Low
43.88809239887337,88.27401934353493,43.38510489596195,11.128429160118854,Cotton,Sandy,Vegetative,10.6,High
20.45581456690904,77.18817350902857,35.38102928702676,15.642907235638113,Cotton,Clay,Seedling,0.0,Medium
24.894449642088652,79.67831948721793,5.310691379422811,40.4733881683311,Cotton,Clay,Seedling,0.0,Low
20.189071874453553,85.6575662003726,38.79386272348465,51.02882196669248,Maize,Sandy,Seedling,0.0,Low
36.186867853865074,25.957244028384974,40.39786640545095,24.262217115338327,Sugarcane,Loamy,Maturity,0.82,Medium
42.450763723749674,46.99183147593334,38.38823088571689,21.960554401710937,Rice,Loamy,Maturity,7.86,Medium
26.087057414407482,24.972442233080148,5.698294355962058,49.34878996906004,Wheat,Clay,Vegetative,8.75,Low
43.175863619907666,34.755517108502005,32.195397853388236,12.81909269266158,Wheat,Loamy,Vegetative,7.93,High
21.50668475723902,36.055604392637065,41.71623978746993,28.469132379129256,Sugarcane,Loamy,Seedling,0.0,Medium
43.36090067013786,52.83750477333051,28.867670060983386,35.29046112961649,Cotton,Clay,Maturity,0.0,Low
28.790567180990863,38.79935172175498,32.32036876140445,38.01743371751617,Cotton,Sandy,Flowering,15.99,Low
22.53552071123041,27.068467477243274,22.91817397131531,46.430757839638844,Cotton,Clay,Maturity,0.0,Low
32.14679397965814,31.72437623658754,26.43536599420263,27.74228617153291,Cotton,Clay,Vegetative,4.51,Medium
26.4194141930127,30.309289448646364,1.7188429175862607,40.63421723373036,Cotton,Clay,Maturity,10.12,Low
27.12182254904807,88.11537585386088,31.94815109866423,39.268771139547816,Sugarcane,Sandy,Vegetative,2.86,Low
27.682249123157163,73.15047548429315,4.07236064455796,37.380805032687356,Maize,Sandy,Seedling,4.94,Low
40.075647445816585,87.74330256886934,21.75072971701117,42.02416465711061,Rice,Sandy,Flowering,38.31,Low
33.47903191688136,50.7818340555536,14.632754883370392,22.972458553403815,Cotton,Sandy,Seedling,9.89,Medium
27.782692478900092,39.48579371638596,27.271397510585654,14.232437679231449,Maize,Clay,Seedling,0.0,Medium
35.25834458277296,75.88052380464308,6.670816776160354,15.963583601987171,Wheat,Loamy,Flowering,19.03,High
37.90376685557984,42.837774262880274,34.58217009866591,21.229119132695054,Sugarcane,Clay,Flowering,14.54,Medium
26.815600018338344,40.956836159374376,39.75057684642352,35.00989677613926,Maize,Sandy,Flowering,7.14,Low
30.33872753813379,36.275419454548185,8.167722487157825,52.022137527301005,Cotton,Loamy,Vegetative,14.05,Low
23.04715233342369,29.077528475696475,5.215654367594108,45.06466710441921,Cotton,Clay,Seedling,1.41,Low
24.52873373836701,37.952414271173616,7.275774139367957,49.45203021010236,Cotton,Loamy,Vegetative,11.11,Low
37.02794634912457,44.87238239317214,43.856378094925084,27.54878119630457,Maize,Sandy,Flowering,10.95,Medium
24.535958692390672,67.17959457020113,26.40946308781781,30.232687082427507,Cotton,Loamy,Vegetative,0.0,Low
33.1290845916765,24.37953895536161,23.36304980037513,29.684094299530642,Maize,Loamy,Flowering,17.11,Medium
37.72615654306082,34.73548577657401,5.335590955117714,19.593659220225078,Cotton,Sandy,Maturity,20.51,High
22.671923077368596,76.63165482041734,32.47780033784809,13.0608329071786,Wheat,Loamy,Flowering,0.0,Medium
34.182805490722586,30.284534650863954,43.3999795947545,39.54580464136134,Wheat,Clay,Seedling,0.0,Low
26.414069592534094,43.985160256576506,41.40929346617265,59.460834171029305,Rice,Loamy,Seedling,0.0,Low
44.0731718809395,80.52612453006981,31.302735449040064,18.34148524751314,Cotton,Clay,Seedling,0.0,High
32.08864116799812,30.844771780040986,3.763935832583681,12.334240994963688,Cotton,Loamy,Vegetative,20.17,Medium
40.14981374437895,25.791578493273292,5.6198513588006485,48.97658409119665,Maize,Loamy,Seedling,8.15,Low
33.755663553906544,53.91765965560076,2.465449355491234,22.62930033423621,Maize,Sandy,Flowering,27.92,Medium
21.085313321370478,41.16936578949755,12.873960824623465,51.482190267646416,Cotton,Sandy,Maturity,0.55,Low
35.828784389850554,59.43858551386979,6.783073358018887,45.19683335172577,Rice,Clay,Seedling,10.23,Low
43.78508355516642,76.26634233384326,13.002402012621694,57.28367685254023,Cotton,Sandy,Vegetative,18.9,Low
35.04029550365828,29.60039417069202,19.252902785948084,30.4463617878336,Maize,Sandy,Maturity,8.83,Low
40.47972148566976,60.64893591879995,47.149139203556786,43.098491972531704,Cotton,Sandy,Seedling,0.0,Low
42.1051615837102,55.38561322729048,30.518802989084605,33.24273904066354,Maize,Sandy,Seedling,0.0,Low
25.701994298723314,30.08551502092397,41.748689284148114,41.52943486542718,Cotton,Sandy,Maturity,0.0,Low
25.301120997705667,63.67989398702877,35.51757503561661,32.479945300386866,Sugarcane,Clay,Seedling,0.0,Low
35.274524721274794,39.15482925025401,5.625156526331587,19.431612321203744,Maize,Clay,Vegetative,12.04,High
30.27571174516762,54.148402298080875,36.796020318697444,35.394870800169045,Rice,Sandy,Flowering,28.32,Low
40.99653257166801,25.75906269939433,13.754944077956221,36.42921007187212,Sugarcane,Sandy,Flowering,48.53,Low
42.50057808495028,52.170884004953614,31.955392349735316,50.53019241300805,Cotton,Clay,Maturity,0.0,Low
28.83553448256795,41.45244276299742,17.048098682149426,46.77603528967906,Maize,Loamy,Flowering,13.88,Low
25.92176397436205,77.5666847829748,49.88361316323296,43.1895811970722,Sugarcane,Clay,Seedling,0.0,Low
39.51313788109655,23.988510889815778,13.177573974838891,15.669354777628627,Rice,Loamy,Seedling,16.21,High
26.870150888703403,49.3025092442831,13.956523538713483,46.03081453318575,Maize,Sandy,Vegetative,11.49,Low
40.56535796284196,52.09019968920066,46.53361277811992,35.01525781772574,Sugarcane,Sandy,Flowering,29.9,Low
30.59345634121907,70.7504253409383,1.2322202318161335,54.704976805307965,Sugarcane,Clay,Maturity,4.38,Medium
36.68874748228676,60.20013025631477,34.834449393659845,55.99354670652714,Sugarcane,Sandy,Seedling,0.0,Low
22.388382845866705,66.70486360359267,36.26631953679391,12.757829530089273,Wheat,Loamy,Maturity,0.0,Medium
35.59648311691433,74.39344999562293,41.81892887051997,51.03207801772394,Cotton,Loamy,Seedling,0.0,Low
31.294191968430727,80.35420815607321,48.721965531923765,11.884869521133531,Maize,Clay,Seedling,0.0,Medium
34.66521157938685,41.971284770572936,48.78009595783262,28.358481284751132,Maize,Loamy,Vegetative,0.0,Medium
24.200355193621586,57.661589375473206,3.2638378783231947,37.114998781053956,Maize,Clay,Flowering,10.77,Low
38.42184362360455,78.807565490744,41.09196613764512,17.40503993135637,Sugarcane,Clay,Vegetative,1.8,High
41.569926938580714,89.26157916755395,32.31549668286907,47.315690628453844,Cotton,Loamy,Flowering,7.25,Low
25.418495002269392,82.26635177306342,32.36710671865456,10.417735208606928,Rice,Loamy,Maturity,0.0,Medium
22.392863888004044,46.00270838370638,6.41749633073474,18.42995242170184,Maize,Loamy,Flowering,15.93,Medium
20.59096465115841,33.66165620530553,32.509358322282665,39.03984149267379,Cotton,Loamy,Maturity,0.0,Low
36.04928751108165,54.25747761846121,49.12412903006239,45.71937810186462,Cotton,Loamy,Seedling,0.0,Low
35.177350902219516,71.91490162852295,45.59092847697235,55.83215513469581,Wheat,Loamy,Maturity,0.0,Low
33.667435317851755,54.47983495273083,21.956533040242526,45.274832596731194,Maize,Loamy,Maturity,0.0,Low
25.798677402899386,53.82266043195679,1.997398664304717,43.5889635127433,Sugarcane,Sandy,Seedling,11.15,Low
29.77264989763787,78.67612947572604,18.114674500010242,29.717057317533214,Cotton,Clay,Maturity,0.0,Medium
34.861908379654324,45.298264534703044,41.31951558002776,10.06422127634007,Cotton,Clay,Maturity,0.0,Medium
32.41917147147923,80.1856272368152,35.0749550732583,16.007962936781098,Rice,Loamy,Seedling,0.0,Medium
44.694638005372184,48.47633606662065,22.96718277969782,36.72772723780196,Wheat,Clay,Seedling,0.0,Low
23.410993813918328,42.976317397483754,2.7550767579415547,43.756494292220985,Cotton,Loamy,Seedling,5.85,Low
37.37861385118984,51.77929378397893,21.34473639116513,30.872414194823126,Cotton,Sandy,Flowering,28.22,Low
30.107969202607304,73.37128710724079,23.451246985894176,46.533950576419514,Sugarcane,Clay,Seedling,0.0,Low
30.70499037314037,28.820141950479602,46.427776644706796,36.093114766608934,Sugarcane,Clay,Seedling,0.0,Low
37.939944141454404,33.749345111041215,32.05430517910797,13.708809779715612,Rice,Sandy,Maturity,18.02,High
37.31090378310924,86.60113779641644,15.582645832732444,19.600812548397442,Rice,Sandy,Vegetative,23.25,High
44.781399842554706,32.284413916695016,26.26591322253607,51.999911162197144,Rice,Sandy,Vegetative,39.32,Low
23.20985723635313,59.74091225517382,3.3027653911080037,46.24563733122198,Sugarcane,Clay,Flowering,14.14,Low
22.60274123460416,60.55201266633565,48.62841178248684,54.73809935062475,Sugarcane,Clay,Flowering,0.0,Low
38.108470428218524,54.27371234351713,18.0029950965363,15.877862456046827,Wheat,Sandy,Vegetative,15.68,High
34.45967292516023,65.1321674003773,23.89336774565679,59.511126730753695,Maize,Sandy,Vegetative,5.43,Low
26.854016663995147,36.08787080583329,17.76419871184613,20.47033569749668,Maize,Sandy,Seedling,6.71,Medium
21.985484224724665,58.68635874437238,34.125586505810006,10.5889938143321,Wheat,Sandy,Maturity,0.0,Medium
22.141456239910763,46.0521278672828,33.11160791647965,59.871146952677705,Maize,Sandy,Seedling,0.0,Low
42.35477186660296,66.31670817404324,35.76611552645678,24.053694272255655,Sugarcane,Loamy,Flowering,20.81,Medium
24.796683117968573,29.885648036120465,13.407161480596042,43.40097262562799,Maize,Sandy,Vegetative,13.2,Low
28.084289052888018,59.961419178763336,15.783424058203298,18.83411570881526,Sugarcane,Loamy,Flowering,25.07,Medium
25.6664100556747,32.96892487683266,6.2625615548103974,39.011426609957084,Wheat,Clay,Seedling,0.69,Low
28.87490764579843,39.505014418052546,32.77549859230563,55.20174932272796,Rice,Clay,Flowering,11.74,Low
21.735596068652335,35.30968602265082,1.9898563667826275,26.00905837142193,Wheat,Loamy,Flowering,14.62,Medium
32.97649477270676,32.7986445908172,29.884116776172952,43.51269880221796,Maize,Sandy,Maturity,2.38,Low
21.690314089805373,77.79976660924669,43.48479424258169,19.395179439920824,Sugarcane,Clay,Flowering,0.0,Medium
40.00891269555904,39.999529736262325,44.541607414481675,41.239769935936266,Maize,Sandy,Seedling,0.0,Low
25.842802047760827,84.89866473051146,22.451888018498085,26.822517590875506,Maize,Sandy,Maturity,0.0,Medium
33.50029786511276,87.89485677416336,22.965184410653688,20.560412929397586,Rice,Loamy,Flowering,18.03,Medium
42.00197718903645,59.988232895596816,3.848459150400868,25.65910253518176,Maize,Clay,Seedling,7.33,Medium
36.27193422617985,30.010078586600848,33.53825127215179,18.942053425389968,Rice,Clay,Vegetative,9.53,High
33.32394466378338,46.218377036570686,41.06297101864227,55.09580539189414,Sugarcane,Loamy,Maturity,0.0,Low
28.10834382788439,75.84125843437498,12.232752730235653,29.859344315856443,Sugarcane,Sandy,Flowering,23.0,Medium
28.32504782645495,45.717351008794935,21.065044081668233,22.263965248718367,Rice,Sandy,Flowering,37.86,Medium
36.73717387995475,26.09120528119521,41.94196683826352,32.42039205079664,Wheat,Clay,Maturity,0.0,Low
44.85348403052919,58.974943764973155,43.8560233831144,26.026808340324777,Sugarcane,Loamy,Seedling,0.0,Medium
36.545979746234465,79.15845960472242,12.158999013211297,47.2209626906663,Wheat,Loamy,Flowering,10.96,Low
33.94458543425063,75.71484710004518,27.528531727068213,58.56099559427472,Sugarcane,Sandy,Seedling,0.0,Low
38.26626275598115,32.258619809124724,9.624657531791353,31.90168283488234,Sugarcane,Sandy,Maturity,19.09,Low
31.630140307092955,67.09352300887267,5.093938206977827,53.05166999861202,Cotton,Loamy,Flowering,15.49,Low
21.50355856501963,35.4352984404953,45.55602506959788,38.293153677980975,Maize,Clay,Vegetative,0.0,Low
34.05742039694775,35.274527418652056,41.02537521160546,17.861783254711675,Maize,Sandy,Vegetative,7.75,Medium
43.9406321126345,81.18502413136295,38.00174509015869,44.53113710406708,Wheat,Loamy,Vegetative,0.0,Low
24.38257355894149,37.476826691816115,2.438315940657021,35.67172485629101,Maize,Loamy,Maturity,8.29,Low
37.25012227051664,38.427314256260786,42.186439635512876,42.53032616260517,Wheat,Loamy,Flowering,0.0,Low
25.02334221647641,20.045737353290967,21.902203795269187,54.48437062858325,Sugarcane,Clay,Maturity,0.0,Low
33.39569211182703,80.94683238878623,17.11975616479298,32.0217285328023,Cotton,Sandy,Flowering,18.74,Low
22.41691124116799,75.48163692463943,27.323818051268823,55.058881160867784,Cotton,Sandy,Vegetative,1.76,Low
31.25927340645463,63.91302545634746,4.567662136177791,47.53345071408275,Sugarcane,Sandy,Vegetative,22.3,Medium
38.90408322238115,72.51860347571895,37.83232746761994,34.43024629389924,Rice,Clay,Seedling,0.0,Low
28.68928810597455,30.643399719714424,29.121753844414794,40.16110678289819,Rice,Sandy,Maturity,12.48,Low
36.622793112180446,52.08265162113028,9.329504843658377,26.279056625950574,Maize,Sandy,Maturity,12.11,Medium
39.88624901974323,44.58535711441466,9.41160998845228,59.17986498693871,Wheat,Sandy,Seedling,8.56,Low
43.17944548698632,26.564356837991156,9.212432578633711,43.3675581525198,Cotton,Sandy,Vegetative,28.75,Low
25.866052046386336,54.029133965044686,2.850119377596699,12.192342624831495,Maize,Clay,Vegetative,12.93,Medium
29.982897895232703,84.45177552398448,29.38992246858424,26.331095287400437,Sugarcane,Loamy,Maturity,0.0,Medium
23.810400333260436,22.804138333548615,42.0174088794254,41.165721687952875,Cotton,Loamy,Flowering,2.83,Low
44.81208755395938,40.402263944565576,0.87491069936943,12.81666388996199,Wheat,Sandy,Vegetative,32.58,High
43.17502419810738,34.52786553439924,2.4502322485636774,11.194209565957138,Wheat,Sandy,Seedling,15.9,High
33.498928257013986,36.67026575659874,28.63851383434729,32.501211976390124,Rice,Sandy,Seedling,12.22,Low
41.050832359410535,83.59041863155628,40.97478426930262,26.6345089846335,Maize,Clay,Seedling,0.0,Medium
33.02394943180106,52.76483379640031,16.33694452843168,31.914930401658296,Sugarcane,Sandy,Maturity,13.57,Low
35.589642200068994,52.640958905787315,17.48071994038611,23.13466549400026,Cotton,Clay,Maturity,0.0,Medium
22.228110802900417,73.24029497186976,29.817324874838796,18.235887347149045,Wheat,Sandy,Maturity,0.0,Medium
38.8817605124202,30.814454280344805,13.71064445620735,44.457167849016884,Cotton,Sandy,Maturity,11.12,Low
23.19283709088087,54.108574787003555,1.3304183038842066,35.728555813390024,Sugarcane,Loamy,Seedling,10.68,Low
40.65169075631321,50.09896498847418,36.761425905079804,20.00771056246834,Cotton,Sandy,Seedling,2.99,Medium
39.55070219175965,61.78374833826593,31.282495647072654,25.979471312999916,Maize,Clay,Maturity,0.0,Medium
37.71861744357441,89.9690392275307,29.037799952782954,39.590395383166296,Rice,Loamy,Maturity,0.25,Low
20.904009513119053,73.8614225857433,37.08420644959116,13.611467413623892,Cotton,Clay,Seedling,0.0,Medium
27.578208898633214,47.8505992112199,33.76154187810187,17.37265046330898,Rice,Loamy,Maturity,2.38,Medium
26.577814247771073,77.92871365918329,10.294099408916058,13.662280205369505,Sugarcane,Clay,Maturity,3.07,Medium
29.003410186787978,31.949585431873615,17.624052347167556,50.61586663570594,Rice,Loamy,Maturity,8.22,Low
22.191068669095962,22.13245804162721,6.30550708393125,47.62046166060046,Cotton,Clay,Maturity,6.54,Low
43.42394557577657,34.31138607249911,6.492850670894051,47.665646593962855,Cotton,Clay,Vegetative,14.38,Low
33.845056017809405,43.828808927998175,33.80978731782696,45.8162671738014,Wheat,Sandy,Maturity,0.0,Low
27.638107766450588,55.74065302216919,42.93000534912491,43.46927118349346,Cotton,Loamy,Seedling,0.0,Low
29.924537926857084,63.05903983788399,48.136629193056955,33.84959576890875,Rice,Loamy,Seedling,0.0,Low
31.18006351262089,83.74240020500952,31.417355877472218,42.113908175355746,Wheat,Sandy,Seedling,0.0,Low
35.01485833401543,55.68978066853204,9.205066168047848,11.918077739398733,Cotton,Clay,Seedling,5.8,High
32.89198569241245,55.08929512380106,5.282517272446535,41.07322113283923,Cotton,Clay,Maturity,8.52,Low
42.98479933036043,23.51701068760875,40.64254857683789,48.89388527684386,Sugarcane,Loamy,Vegetative,12.68,Low
32.424087072645754,22.443808685935668,28.937823817999963,35.01791801921951,Wheat,Clay,Flowering,4.83,Low
44.80395037058282,58.58119733414605,30.91425105068599,27.875666421361846,Sugarcane,Loamy,Flowering,22.97,Medium
41.28562394362739,50.672502927384116,39.07310443773546,23.871336740048957,Sugarcane,Loamy,Flowering,21.93,Medium
25.212762858933395,78.7426276486209,35.16386138662258,42.14010250810412,Sugarcane,Clay,Flowering,0.0,Low
43.264880366097906,31.247570929829163,41.72291264280483,44.640059931495436,Maize,Clay,Seedling,0.0,Low
22.909159947136903,21.74801634819347,2.810695272993924,53.54837999312713,Sugarcane,Clay,Maturity,8.6,Low
40.43624271227979,51.43271375510881,37.37603183732524,27.116704123049537,Rice,Sandy,Maturity,9.52,Medium
29.515582336914502,36.62349897265803,42.54263786610477,48.48861536927928,Cotton,Loamy,Flowering,3.63,Low
41.94935801112673,23.47300613371862,14.306752122915716,38.0677912094669,Maize,Clay,Flowering,15.85,Low
41.701417252686255,70.72188007933403,32.02236369966264,54.14182453390396,Sugarcane,Sandy,Vegetative,14.36,Low
40.14813500294053,27.811509997007324,15.708103191848604,36.390605414781035,Cotton,Clay,Vegetative,11.66,Low
39.750760907676536,62.582365000544016,47.8985533241227,35.88149141989836,Wheat,Loamy,Vegetative,0.0,Low
27.61697847745102,39.67348251168224,1.6711786217751878,38.89385407204546,Wheat,Sandy,Seedling,9.28,Low
22.022982076281306,32.14472352485154,28.989642191647754,47.46576775712172,Cotton,Loamy,Maturity,0.0,Low
30.07450446912904,46.58260660435222,8.325177352475755,58.23452394142305,Rice,Clay,Seedling,2.33,Low
24.338112874662716,76.10120433560675,35.61101025885793,13.678167710788284,Cotton,Clay,Seedling,0.0,Medium
37.37377722256154,47.44655038332009,8.794514170933104,12.671730119550858,Cotton,Clay,Maturity,7.57,High
28.65249316344464,72.5538754447739,11.769163094917879,56.877516870366925,Maize,Sandy,Vegetative,11.66,Low
44.39025502149787,28.784040775940547,24.718540552287905,36.49378127591031,Wheat,Sandy,Maturity,4.06,Low
36.024301933633296,74.09399937655553,45.7417474998439,40.7451507283468,Wheat,Sandy,Flowering,4.54,Low
40.56201409085902,36.5853327434654,10.585718607398542,34.12118007973645,Sugarcane,Sandy,Vegetative,33.02,Low
23.31311681854621,67.4175190922211,7.212001055905176,14.682872630373724,Cotton,Clay,Maturity,5.22,Medium
41.550362056815565,59.60470883886975,37.948841592701534,48.404468920933326,Cotton,Clay,Seedling,0.0,Low
43.068929762834856,85.04013020481811,25.03097661669655,47.361232254429346,Rice,Clay,Maturity,2.26,Low
32.17654797047339,47.112576258271986,45.58925561908857,25.5851660746406,Wheat,Sandy,Vegetative,0.0,Medium
35.15632344377444,24.631563218410832,7.330727857992114,25.31196226142002,Rice,Sandy,Flowering,56.46,Medium
39.120245022574885,21.340883988587702,32.296394651151964,51.892069045275925,Maize,Clay,Seedling,0.0,Low
24.370965681510313,77.88009926809272,11.643957307590751,13.61786288706633,Sugarcane,Clay,Flowering,15.18,Medium
32.56415191158606,56.731494636300255,7.838021432581965,54.055257417828294,Rice,Sandy,Flowering,42.87,Low
29.966575694307828,74.26708362844644,34.171470757863524,22.83308449479572,Wheat,Loamy,Seedling,0.0,Medium
23.659349804056227,36.40979200080603,29.68423099543666,39.6492373877747,Maize,Clay,Maturity,0.0,Low
29.188360557288284,44.15586218592636,37.74137291811656,56.799708950088885,Cotton,Clay,Maturity,0.0,Low
21.70430773463734,22.107271054792324,15.473128822309118,43.906125076832325,Maize,Clay,Flowering,5.93,Low
20.645297673737176,87.30446272018786,22.398582819109496,30.72149062335183,Rice,Sandy,Maturity,0.0,Low
23.379157228870568,66.75075346905695,20.273583816520922,44.47671044527076,Wheat,Clay,Vegetative,0.0,Low
44.07787778972934,85.32435614315143,49.20447319832571,27.19898181581851,Rice,Clay,Flowering,9.1,Medium
33.738238397375426,38.58474852003506,14.612447836969395,23.862920817459305,Cotton,Clay,Flowering,18.49,Medium
44.1455540288305,62.80245278579626,14.740861917338343,59.83416389673398,Cotton,Clay,Flowering,15.61,Low
30.8124469582533,67.49499778048465,17.72741044143037,47.53951155898939,Wheat,Clay,Vegetative,0.0,Low
27.79540332713149,42.228479018031194,28.229704064516074,42.235998869090885,Sugarcane,Loamy,Flowering,17.44,Low
32.6535465710061,79.3676464510941,12.616137213187262,27.76448216096594,Maize,Loamy,Maturity,4.98,Medium
30.98779221582275,86.30130240301735,45.764497018963695,12.458041457752408,Maize,Clay,Maturity,0.0,Medium
22.6416171065436,81.9398582387203,13.284278243313175,11.552843801757781,Cotton,Clay,Maturity,0.0,Medium
36.02065786725515,71.73468831575607,44.79078657800974,37.70906277243994,Rice,Clay,Maturity,0.0,Low
25.40095456273999,39.42252758074678,5.173753182329232,48.10163605195255,Rice,Clay,Flowering,20.93,Low
35.48969887244574,39.713122947394226,32.82813511998262,36.86895952219275,Sugarcane,Sandy,Vegetative,18.85,Low
36.25502730995383,87.43522243122266,45.34927592191219,52.03925359695573,Rice,Sandy,Seedling,0.0,Low
23.800621328216202,20.71991471549844,8.437471919911477,11.671326654661081,Maize,Sandy,Maturity,13.12,Medium
21.533740677766705,70.12349812695011,48.41634800496275,28.337603821297005,Rice,Loamy,Seedling,0.0,Medium
39.519039651711,69.43723137886835,22.644168020775584,21.853519558708904,Sugarcane,Clay,Seedling,2.12,Medium
31.495010594233005,63.58826786648582,47.285755422051224,32.363648407856104,Maize,Sandy,Flowering,3.92,Low
21.454094887636895,89.3076192260806,33.84100218150235,13.618819659706123,Rice,Clay,Maturity,0.0,Medium
44.87165792924418,41.831560503460764,15.079343493677577,57.70658207855363,Maize,Clay,Maturity,0.3,Low
21.444514024909164,43.798030465527376,9.41512624585532,21.162770053468044,Cotton,Loamy,Maturity,5.09,Medium
37.37588072146383,25.52575820625889,15.18675231125497,56.11538877417924,Cotton,Loamy,Seedling,1.37,Low
44.59197313158534,50.99586955806162,4.650870463133749,31.29465775183409,Cotton,Sandy,Maturity,15.49,Medium
25.97950260539814,38.27339683643937,7.193398317166489,59.2762066627609,Rice,Sandy,Maturity,17.05,Low
23.556234217179906,44.037069152435095,5.233022017324057,37.70291917301054,Sugarcane,Loamy,Vegetative,15.9,Low
23.034623485560722,78.42002531789393,21.147177187077887,56.541643208790376,Maize,Loamy,Flowering,0.31,Low
27.58187868918989,85.4839159469247,39.77891881287932,10.267449434711143,Wheat,Clay,Maturity,0.0,Medium
22.526145275266167,33.001315040363,7.0691777108170095,47.41194030904501,Cotton,Clay,Maturity,0.98,Low
37.304033542353295,46.07562520874261,6.516021658616794,55.15253265512577,Cotton,Sandy,Flowering,31.69,Low
21.557294953251567,85.00413934807759,32.171447475866536,16.986028348947706,Wheat,Sandy,Flowering,0.86,Medium
32.73555320374474,24.326592248245582,9.859149098403314,14.806292586607574,Wheat,Loamy,Seedling,4.48,Medium
44.91742134632442,26.465236967796496,4.88050190544958,31.228630359297778,Rice,Sandy,Seedling,30.29,Medium
40.34925673765047,31.395369244436054,8.342428910278882,56.683945306646756,Maize,Clay,Seedling,1.49,Low
35.38048595577527,61.664898388881234,46.18656979383881,37.11932800952194,Cotton,Loamy,Flowering,0.77,Low
27.656340519665292,30.533058970419823,41.07356263880954,36.372823186086606,Sugarcane,Clay,Vegetative,0.0,Low
35.59739590729096,87.76534670155135,17.703228117754705,17.056305914966092,Rice,Loamy,Maturity,8.18,High
33.17603659779129,51.27001690809642,32.79103836636964,10.039475554660939,Rice,Loamy,Flowering,26.64,Medium
30.65208459725929,55.106257224511644,26.863783683401905,50.50700453727306,Sugarcane,Clay,Vegetative,0.0,Low
23.267759418504987,37.26610310637845,33.8562131741282,14.378728149311911,Sugarcane,Sandy,Flowering,18.27,Medium
42.16510538101167,52.967217670431346,34.13355762313797,41.6924909367662,Sugarcane,Sandy,Vegetative,16.19,Low
31.24461622053306,66.33395428459082,31.43670075299965,55.73082272575957,Wheat,Sandy,Flowering,3.19,Low
24.865562795519125,72.582399586783,13.305068426865429,20.432595657921553,Cotton,Sandy,Flowering,20.75,Medium
29.19398377193224,72.77076578969391,1.9503210381409064,43.26364181184554,Wheat,Clay,Vegetative,6.18,Low
30.353243813223173,60.452377888586184,22.77833909950544,13.934928835375473,Cotton,Loamy,Vegetative,5.09,Medium
40.688447389171856,83.30518424957,44.54869423453519,40.18775719188065,Wheat,Clay,Vegetative,0.0,Low
38.34035951403505,77.21854931142767,28.474862925928797,18.196586047660137,Maize,Sandy,Vegetative,10.98,High
39.23262234103349,72.99336802890377,41.61955208509539,46.7976780257589,Cotton,Sandy,Vegetative,0.76,Low
20.27578161071618,23.892386517632243,49.581217148061405,25.06156473969541,Rice,Clay,Vegetative,0.34,Medium
30.40384995449404,20.48145735537545,8.180810206913813,33.169550440232314,Cotton,Loamy,Vegetative,17.28,Low
32.03360379088309,34.87130940368311,34.58888195709912,39.971527101381085,Cotton,Clay,Vegetative,0.0,Low
20.47980692057642,66.44665157394166,33.71467868500123,18.563670533311978,Cotton,Clay,Flowering,0.0,Medium
26.495330218625856,48.783824221778204,48.997772367913925,47.081890930881045,Maize,Clay,Vegetative,0.0,Low
39.00724557805337,48.16843815095182,49.280036697640014,25.13201703184073,Wheat,Loamy,Vegetative,0.0,Medium
23.427742643224978,81.92108217607296,34.33393058620647,43.11859299563768,Rice,Clay,Flowering,3.67,Low
33.382753286314795,82.68939936922871,12.180739599109714,17.914152534968682,Wheat,Clay,Flowering,7.24,Medium
25.38004680043094,83.642268483751,39.927791906529954,44.40588296031751,Wheat,Sandy,Seedling,0.0,Low
20.30301936609733,41.97146535605191,5.351456710551905,16.409403640523088,Sugarcane,Clay,Seedling,4.76,Medium
26.030036439988535,68.37390689174832,39.03496520858143,31.267824813499182,Maize,Sandy,Vegetative,0.0,Low
44.39684387275135,39.014322689205876,45.509806207234824,22.36030368694384,Sugarcane,Sandy,Vegetative,25.33,Medium
40.03842779707474,33.34268831521148,19.14166973842176,47.41876247140913,Maize,Sandy,Seedling,4.93,Low
43.989416108025836,32.92427201431585,31.53176474915402,23.10175022534373,Wheat,Loamy,Seedling,0.0,Medium
32.19635109815906,43.94753346045158,21.507136604841314,54.08586531976981,Wheat,Sandy,Maturity,1.23,Low
22.74340496693759,50.09703338458752,21.888252749406423,54.59101057033064,Maize,Clay,Maturity,0.0,Low
33.698987224342325,78.16644197385479,15.518544455406003,19.822065761139292,Wheat,Clay,Vegetative,7.13,Medium
31.359433363999024,28.392376543089846,38.10648102251623,40.69229725038622,Wheat,Sandy,Maturity,0.0,Low
41.1089270684904,71.4448093176426,46.80882820832526,14.385882085998215,Rice,Sandy,Seedling,7.96,High
22.452064519606115,57.20184399325137,47.037542961723055,29.57685498008146,Sugarcane,Clay,Vegetative,0.0,Medium
32.20602842554445,40.15617398731948,8.739064243746691,45.666086475063615,Sugarcane,Sandy,Flowering,40.2,Low
23.751216617349606,54.49737091729772,43.7371824828283,42.971162342495816,Sugarcane,Loamy,Flowering,1.38,Low
28.1168981722515,40.995944884391584,36.871572071356105,41.23503347033039,Cotton,Sandy,Seedling,0.0,Low
38.433926934694995,61.725736866681416,12.641870034514463,24.12704318312218,Rice,Loamy,Maturity,16.39,Medium
31.900453234219164,50.36907459986709,3.3642306460757276,28.9012474717201,Sugarcane,Loamy,Flowering,29.01,Medium
29.397207128644233,31.508387035521512,13.399863344218899,15.14730723501431,Sugarcane,Loamy,Maturity,14.39,Medium
29.861906964250885,28.16081521889877,45.61041183907628,45.95114102168005,Rice,Sandy,Flowering,30.0,Low
31.486169210149665,58.26869774504911,31.658933744788616,35.19443983956367,Wheat,Loamy,Maturity,0.0,Low
39.62541359592642,83.16891233002724,36.05273304489359,45.438281617282726,Sugarcane,Loamy,Flowering,14.69,Low
42.30211722350586,44.07703805903799,12.857617555454793,22.44717623984364,Wheat,Sandy,Flowering,29.24,Medium
43.883367162598205,71.31000750558363,35.969407778741015,26.221911431753313,Sugarcane,Loamy,Vegetative,12.35,Medium
39.67258465638238,66.10629484578368,1.406075313896188,26.710766863005734,Maize,Sandy,Vegetative,25.01,Medium
27.88517239370032,85.20884400166366,18.76606728865069,11.28712048736081,Cotton,Clay,Seedling,0.0,Medium
37.20336765216355,77.46867121093986,31.33766742711656,27.05239364153118,Sugarcane,Loamy,Flowering,14.55,Medium
30.9400781013848,59.66236812338241,7.304828277066012,50.16522867590167,Maize,Sandy,Maturity,8.76,Low
26.36676555115128,65.99213487638751,41.15017872234674,54.86492478748693,Rice,Clay,Flowering,0.0,Low
41.021789485648064,82.88705266088243,11.751564940595932,35.910915781796376,Maize,Loamy,Maturity,2.88,Low
20.960658724058124,47.966314921085434,32.61405564092231,32.77508476096101,Rice,Loamy,Maturity,0.0,Low
42.54404980338559,42.87562941004441,20.259857128766484,11.541230934968512,Sugarcane,Sandy,Flowering,48.91,High
31.53693661561835,20.756775854463744,29.802179773882358,53.96021687926913,Rice,Clay,Maturity,1.48,Low
35.93003692020701,77.85857519340249,5.372527631445406,10.650510671293636,Maize,Sandy,Seedling,12.02,High
36.48384805514456,76.06864902823554,0.8456399960803662,57.23750401051059,Cotton,Loamy,Vegetative,14.24,Medium
42.37794351766341,27.3118162670106,45.47822136901506,34.46081243440453,Wheat,Loamy,Maturity,0.0,Low
35.91674205418018,60.380016679289014,13.48150043835914,27.09672467873633,Wheat,Loamy,Flowering,11.93,Medium
35.34833961900154,52.47871887168212,40.983850139022955,56.210921742133,Cotton,Loamy,Vegetative,0.0,Low
21.66630101401725,28.309636685637802,49.96751502361001,11.219549655504837,Wheat,Clay,Seedling,0.0,Medium
32.9602005486301,88.63977589425065,10.571562899945558,39.07124474345436,Sugarcane,Clay,Maturity,1.79,Low
23.75422502042604,35.02871212243488,13.25853705916778,37.44662622496688,Sugarcane,Sandy,Maturity,10.34,Low
38.43584421803714,24.70639260633928,33.14298938173329,20.966020060569104,Maize,Sandy,Vegetative,13.02,Medium
32.80554802031686,61.63931656513367,48.27243173003106,31.44437156751053,Maize,Sandy,Maturity,0.0,Low
37.00569448020883,71.72066739931228,45.790717409537194,42.61320029718851,Rice,Loamy,Flowering,13.99,Low
21.041822515059607,22.271041223303087,25.143776003279246,46.356559844096374,Maize,Sandy,Vegetative,7.81,Low
22.11980040114508,66.11023471089155,39.75551412633623,10.03584293532899,Sugarcane,Clay,Vegetative,0.0,Medium
37.908084701567056,57.26043131660181,6.787292654995053,56.842671504550765,Maize,Sandy,Maturity,13.21,Low
21.802108399966833,27.22855062125339,48.87190921020061,18.22626861964062,Wheat,Sandy,Seedling,0.0,Medium
21.781418194131465,32.076671386245344,48.21766170179932,21.67902171111796,Rice,Clay,Seedling,0.0,Medium
20.302711880872188,59.75820081212564,8.186447893958547,23.17367228469241,Rice,Clay,Seedling,8.01,Medium
43.912534957487004,40.74503294593019,14.97115624015533,11.891006827601766,Sugarcane,Loamy,Seedling,11.56,High
38.43770898647517,85.68210100559213,5.007749875338346,16.152606179516248,Maize,Clay,Vegetative,11.07,High
28.831285212551606,77.31181606388355,13.585879944908985,59.317496147208104,Wheat,Clay,Vegetative,0.0,Low
27.41338953219138,88.84970445595641,40.79778947076033,25.760836868864303,Maize,Sandy,Maturity,0.0,Medium
28.742580743646236,38.17695872652898,18.915780358262975,15.765054516952468,Cotton,Clay,Seedling,0.74,Medium
39.36633827952954,87.88065429585839,4.419848357337919,15.349563058731166,Maize,Loamy,Seedling,5.93,High
36.53426527676036,50.18637088540905,17.111276238945226,45.97299838349859,Sugarcane,Sandy,Maturity,15.02,Low
24.629889196686698,44.326315671962824,49.069166712064,52.72843320163204,Maize,Loamy,Maturity,0.0,Low
24.35273338335211,23.52446688785473,31.484179762960146,22.847614975423493,Rice,Clay,Maturity,0.0,Medium
22.45989124283493,23.693568050172182,20.80804732030789,11.045475616761749,Wheat,Loamy,Flowering,9.71,Medium
36.50756799253345,68.44078791626583,8.3269256748635,21.15450092226779,Sugarcane,Loamy,Maturity,10.75,Medium
39.1093165555434,52.05502961038195,49.30883986418474,12.825784539837866,Cotton,Clay,Maturity,0.0,High
26.6261607081251,35.8565138225274,41.042450463156435,15.169746831502076,Wheat,Clay,Flowering,0.0,Medium
20.523624025772822,62.97792144276629,14.07386512254597,31.57540599238212,Wheat,Sandy,Seedling,0.0,Low
22.054291686910684,37.70006827750778,3.503434786059473,21.49591854308163,Rice,Sandy,Vegetative,31.12,Medium
44.196500871125764,60.43422280410958,2.8312778688779017,35.797293926271166,Rice,Sandy,Seedling,22.71,Medium
27.386119436935505,45.14461228878832,6.018907475276691,22.67468766285952,Rice,Clay,Vegetative,16.53,Medium
39.23057869595334,77.64865586282733,29.03842918072108,57.02686505514738,Sugarcane,Loamy,Vegetative,7.48,Low
35.61658922135659,77.44873125367455,46.43817106027462,55.29719839631323,Maize,Loamy,Maturity,0.0,Low
29.548490991322396,53.41452786856809,24.837171400299223,38.3403052505233,Wheat,Sandy,Maturity,0.0,Low
25.14218155488888,44.55733765345109,42.14727412280986,27.721199599369307,Maize,Sandy,Flowering,3.63,Medium
23.03466045398516,45.37918575913662,22.294330992990393,29.057344101736778,Maize,Clay,Seedling,0.0,Medium
35.37532420097166,76.40001679677525,35.42917728839126,30.592614157224848,Rice,Loamy,Seedling,0.34,Low
39.3658445159447,42.97256379583284,36.59363686432504,46.3789661067472,Maize,Sandy,Vegetative,5.5,Low
36.097606338528266,34.63415615947922,8.698185295166933,32.581949775941894,Wheat,Clay,Maturity,7.08,Low
33.25755333122896,25.928183931271477,18.060802948790588,52.83649732529487,Wheat,Sandy,Maturity,3.87,Low
21.048780585790908,52.66851846190859,31.865107826901195,57.20473929651823,Cotton,Clay,Seedling,0.0,Low
44.212219439859595,53.749246924388935,3.5348304092183094,26.797307668946694,Sugarcane,Loamy,Flowering,39.82,Medium
39.96785479136436,78.8636097282035,18.07700938814783,38.034724068784,Maize,Clay,Maturity,0.0,Low
27.32055091752412,35.48670875122448,26.739973314059622,14.752826841628222,Sugarcane,Sandy,Flowering,28.82,Medium
44.49925823397126,46.66938915678799,49.811224652231935,20.02345238831795,Sugarcane,Sandy,Seedling,0.6,Medium
35.047039740908055,76.58840172255836,23.726678131122036,30.673288335508005,Sugarcane,Loamy,Seedling,0.0,Low
34.56056645518116,77.65365275242814,40.80283785571618,20.310135795088943,Sugarcane,Loamy,Flowering,8.45,Medium
38.7018294857383,46.92277531851377,21.603364253330888,53.82802453943588,Wheat,Sandy,Maturity,4.6,Low
40.29424470225344,52.138681630067666,39.81953613098545,17.914312802954903,Maize,Sandy,Seedling,0.0,High
36.41196518328756,41.2300123594498,29.77074008100542,32.7830410776546,Cotton,Sandy,Vegetative,11.9,Low
23.202393659155,85.27884148935185,44.32977207511992,40.28496202299378,Sugarcane,Loamy,Seedling,0.0,Low
28.45668764986246,28.30506360191062,20.547127617505495,44.59319540804222,Cotton,Sandy,Maturity,3.41,Low
43.20209100815124,85.3624596101029,30.21522099107394,29.153468486325337,Wheat,Loamy,Vegetative,0.89,Medium
25.615390296096297,67.87065162847404,31.50093403094137,53.45495343623643,Wheat,Sandy,Seedling,0.0,Low
29.304175595937835,57.210050688071185,20.869147090023667,38.41595755389628,Rice,Clay,Maturity,0.0,Low
30.8019220736049,22.28613425491471,7.215602184374076,31.97538902237759,Sugarcane,Clay,Maturity,9.12,Low
30.985124742361304,53.29173342754058,4.677970345616778,13.362031702601831,Rice,Sandy,Seedling,19.64,Medium
35.323489562363136,48.542367350191256,0.833577529981655,33.23447342225825,Cotton,Clay,Maturity,8.64,Medium
43.576895943617686,31.28531683825858,43.67671321226073,51.036792040786516,Maize,Loamy,Flowering,5.24,Low
26.017317795812623,65.94867224504598,11.823745611934728,40.727050911065774,Rice,Clay,Vegetative,9.28,Low
23.03753440752295,87.98056351578,10.575337464088403,51.608122686455914,Wheat,Clay,Flowering,0.0,Low
24.936762246498432,59.35321677451676,36.80177002130328,34.700583529965286,Sugarcane,Loamy,Seedling,0.0,Low
42.17312250523174,70.0327293510762,16.000805654369586,15.923085254724093,Cotton,Clay,Flowering,11.76,High
36.14527031638015,24.791531679621173,25.30223462059183,10.681992291794053,Wheat,Clay,Seedling,0.0,High
27.147669730979004,49.23668970718963,8.125553264872815,25.16097733592956,Maize,Sandy,Seedling,5.66,Medium
40.39867347421543,28.14509396151471,47.98728607309846,44.89952357488962,Sugarcane,Loamy,Maturity,0.0,Low
41.5342499090859,62.89570848755573,42.57907000086187,49.51299519708469,Maize,Loamy,Maturity,0.0,Low
41.16285846725695,85.69375107499083,43.18948114825017,24.78764173101647,Maize,Sandy,Seedling,0.0,Medium
42.97316334098886,66.3244412730147,20.33868742860026,34.78269604416236,Sugarcane,Sandy,Vegetative,28.02,Low
26.306025504334038,25.376213382009507,38.11806068535864,31.055945221704082,Sugarcane,Clay,Vegetative,0.0,Low
38.87604821865696,44.8266343489558,7.193807769489008,30.526139217571394,Maize,Clay,Vegetative,13.13,Low
31.5134874318535,58.546436560859604,0.4309501295890139,21.567435660007526,Cotton,Clay,Flowering,20.78,Medium
41.04996382225154,48.224542929327654,0.9986466289014062,16.81855525147292,Sugarcane,Sandy,Seedling,23.64,High
38.212266929040325,78.35508073326207,29.330086870228023,19.834427911560656,Wheat,Loamy,Maturity,0.0,High
39.41118616249312,77.02697032969925,22.76974526239704,12.766619358167304,Rice,Clay,Flowering,21.98,High
36.404045942026784,62.8281714072255,25.900767445425988,19.90653709117885,Cotton,Sandy,Flowering,22.75,High
24.43571923674267,46.14205615928937,0.37315702086097025,10.460044881268972,Sugarcane,Loamy,Maturity,16.69,Medium
33.62567297242346,37.87354616342709,21.134330982871287,41.362920031798915,Sugarcane,Sandy,Seedling,9.89,Low
44.616743488112704,27.411202274919052,35.90340806004304,25.818770369384143,Cotton,Clay,Flowering,12.41,Medium
43.43470166242797,44.84283784405878,22.134685098371794,58.65723557134543,Rice,Sandy,Seedling,15.29,Low
21.079343394925292,48.92207620454037,36.610960315611116,19.685852538814892,Maize,Sandy,Seedling,0.0,Medium
24.12037039323593,67.30760475728516,11.65094821984174,27.291428515479694,Wheat,Sandy,Seedling,2.17,Medium
23.293219336364047,66.07118770083014,40.65710022408627,27.89205793207666,Sugarcane,Sandy,Maturity,0.0,Medium
38.14949774963239,24.907569774887985,29.421562022672614,10.422574803123027,Rice,Loamy,Seedling,10.98,High
40.44463324642363,47.668152080181045,10.538154971495311,51.96039765197295,Wheat,Clay,Flowering,8.46,Low
25.337784157766798,32.72452070521533,11.836023792691647,11.599723007216236,Cotton,Loamy,Maturity,8.51,Medium
32.64631732379573,30.976889372176398,31.40152322847685,57.00899173646207,Sugarcane,Sandy,Maturity,6.38,Low
41.01757570028,77.91115048160722,41.496979660622166,54.60371755468103,Maize,Sandy,Flowering,7.83,Low
38.320038619156264,22.934065170138027,20.78138910145776,36.77609580429818,Cotton,Clay,Maturity,2.19,Low
33.55593013729621,49.34280131314849,12.91502145637961,37.179778745564604,Sugarcane,Clay,Flowering,19.5,Low
34.75869226146932,31.774255903656275,43.35058034553002,42.68889614780782,Rice,Loamy,Vegetative,8.75,Low
32.709013672907,81.55311509749319,33.46341458754175,29.35250059674435,Wheat,Loamy,Flowering,2.57,Medium
27.438711282970516,58.99283592925246,22.404274364153824,42.36111416989277,Wheat,Clay,Maturity,0.0,Low
34.1255498214754,36.19664454637936,24.395009763965092,12.238419434424344,Sugarcane,Loamy,Flowering,30.27,Medium
37.222132551252265,55.16991010164635,10.21282339681982,12.702381367486328,Cotton,Sandy,Vegetative,25.42,High
41.83307289652019,71.2040451792181,31.340131503242198,32.86152098097722,Maize,Sandy,Seedling,0.0,Low
35.9072838494812,87.06826062436036,17.93712552714443,37.48111505530174,Rice,Clay,Seedling,0.0,Low
39.02803842607895,35.43122029717932,49.782258833717464,54.39088201679095,Sugarcane,Loamy,Seedling,0.0,Low
24.001790873864323,82.03272404905417,24.009175763094394,15.233031695394814,Rice,Sandy,Maturity,5.44,Medium
31.538936860494747,85.40128799172432,24.29428030948066,51.13239635969447,Wheat,Clay,Vegetative,0.0,Low
20.233290495677334,84.14943811724464,28.292589370533594,20.50236686460348,Maize,Loamy,Flowering,0.1,Medium
26.166971613040577,64.47900498033368,45.83780015593734,29.704182425501592,Rice,Sandy,Flowering,17.66,Medium
38.16154287782512,64.08744581042953,40.040904992987514,25.830121741370647,Sugarcane,Loamy,Flowering,17.7,Medium
44.79524878373408,48.22474432286759,22.556503489892073,30.00776364326995,Maize,Loamy,Flowering,14.72,Low
22.479452489680398,72.66785176126515,35.9349632986398,17.52477490362928,Cotton,Loamy,Maturity,0.0,Medium
30.037357896532207,57.19058128456523,29.31177493903808,35.178503720177744,Sugarcane,Clay,Maturity,0.0,Low
40.00177421747899,67.42066498598061,24.618352435062445,50.08212949156837,Rice,Sandy,Vegetative,28.84,Low
25.10089086572247,49.99205326941568,9.615788639217527,32.07670051894485,Maize,Clay,Flowering,6.53,Low
33.87712373255715,71.20475248301973,23.196813172744545,34.53067879490995,Sugarcane,Sandy,Seedling,6.95,Low
38.32678240074187,77.71300623231843,12.290929351128732,52.43837926406571,Maize,Sandy,Maturity,7.71,Low
35.39963625650448,30.25053796219713,45.74210749258273,45.30290573190154,Maize,Clay,Vegetative,0.0,Low
24.700618365385402,78.30508009019596,16.770340674817348,34.522720425989235,Maize,Clay,Vegetative,0.0,Low
28.884614217143486,57.82075722532151,47.613200726668616,22.884782409458985,Rice,Sandy,Maturity,3.73,Medium
39.59479461213493,79.12661363631571,26.65276450473556,54.24633734224833,Sugarcane,Sandy,Seedling,3.11,Low
33.855662853300416,50.191119443871024,31.577218933808016,38.85102008452792,Wheat,Sandy,Seedling,0.0,Low
20.130740338572817,46.532833976812455,27.14702222446639,21.05738050553467,Wheat,Loamy,Flowering,0.12,Medium
39.02476900070235,84.05425127620558,6.469030848335045,23.45598763190052,Rice,Sandy,Maturity,24.12,Medium
20.88278387350598,37.581848728388096,18.79106095039705,50.1566544468123,Rice,Clay,Seedling,0.17,Low
38.6433445682808,79.09486277003002,4.957305613881196,12.207278104372772,Maize,Clay,Maturity,7.22,High
25.062014004130937,53.88144007565829,31.147702209169086,59.604609351441006,Sugarcane,Clay,Vegetative,0.0,Low
43.951837002984504,55.98668097858818,22.343709760021945,16.517583985739588,Sugarcane,Sandy,Vegetative,32.7,High
29.198518782552114,41.59277970426388,38.89924857854684,49.80342626984687,Cotton,Sandy,Vegetative,1.13,Low
28.173290408451976,60.1129540433311,11.023524049968492,29.738765838584143,Cotton,Loamy,Maturity,8.27,Medium
23.722201258311117,42.76478373933479,8.228302921466746,34.61080916437334,Wheat,Loamy,Flowering,10.73,Low
27.64010538725537,22.74885899691566,20.31661154818839,54.03252887322889,Cotton,Clay,Flowering,5.32,Low
41.916269045705015,39.039902374104926,46.329269160919054,30.645559479460662,Cotton,Loamy,Seedling,0.0,Low
44.908358440681184,20.446533038461347,35.52109075062059,36.874687683661726,Wheat,Loamy,Maturity,0.0,Low
29.207738262671207,88.48483509397997,20.946181239645934,12.464983120458497,Wheat,Clay,Flowering,1.16,Medium
31.215265773863564,87.60230468738233,25.863608487715528,10.117373693372658,Cotton,Sandy,Maturity,0.11,Medium
38.05177345506843,47.66087082306135,4.210650558854917,22.239993650086294,Sugarcane,Loamy,Flowering,37.61,Medium
42.154894511626864,70.98595980377522,49.22879481880565,44.02915464593836,Cotton,Sandy,Vegetative,3.58,Low
34.8261083546696,44.20642688872975,33.32036523474595,16.063244667956837,Maize,Clay,Vegetative,0.0,Medium
29.788142454445733,66.97652099601832,14.270203423171123,15.688097940227472,Maize,Clay,Seedling,5.54,Medium
30.315546021215596,76.38010301321853,29.290419710762215,30.548030401795163,Maize,Loamy,Vegetative,0.0,Low
37.39045366242017,86.27293712845685,5.474118303449699,42.39185193041133,Rice,Clay,Flowering,23.38,Low
20.080456590106966,48.01485930947704,48.29183344037918,45.60359961239652,Maize,Clay,Seedling,0.0,Low
35.48973343649602,74.83085880692335,8.739249394168297,18.92253370491874,Sugarcane,Clay,Seedling,5.61,High
28.887325261033936,38.61499154424831,32.40151590276071,13.979407368602121,Rice,Loamy,Vegetative,14.84,Medium
39.8549332819271,89.32326126555539,12.272723126946522,57.01985169727721,Rice,Loamy,Maturity,7.23,Low
22.324765995578304,21.80387191350458,35.87806913242679,23.033319128105084,Maize,Loamy,Vegetative,0.0,Medium
34.70505667370976,62.247016455078466,38.841068362014056,52.66732488043619,Cotton,Clay,Vegetative,0.0,Low
32.024322247153094,66.16541871559289,33.670986445571636,53.17457252314092,Wheat,Sandy,Seedling,0.0,Low
36.058138147630686,68.16318899518902,30.724973012759627,48.62612958812722,Cotton,Clay,Vegetative,0.0,Low
21.62133986207421,28.42713051523623,44.623454697600586,18.441680332628504,Cotton,Loamy,Flowering,2.07,Medium
34.499594685703286,85.69708484311913,3.931335549487902,51.09007296271002,Rice,Sandy,Seedling,11.74,Medium
34.03711469898809,32.682829533505796,16.54573828900976,48.462527962079335,Rice,Sandy,Vegetative,32.32,Low
34.016502360404274,63.592738226788875,12.414373981542298,39.83614950531086,Rice,Loamy,Maturity,11.9,Low
35.08719166491137,35.58732553861594,49.40069810327108,26.860101758447637,Sugarcane,Sandy,Flowering,26.21,Medium
36.91169843065906,41.50514919148896,19.469488983343673,23.125430213327206,Sugarcane,Sandy,Maturity,16.7,Medium
40.12472499201924,58.25209792096871,36.63063496201994,16.094460604017947,Wheat,Loamy,Flowering,5.92,High
26.74551800320536,49.20353929952036,34.23625819405023,35.487853345043575,Rice,Sandy,Maturity,4.57,Low
40.62623525450155,31.21579206835544,10.604061873868886,39.26304377549232,Maize,Sandy,Vegetative,25.87,Low
32.45639205658634,31.96554816945938,11.949884010577566,27.96694952578936,Rice,Loamy,Flowering,39.25,Medium
21.926456978358278,49.27013517139598,14.064228177651705,33.76795338404342,Sugarcane,Sandy,Seedling,5.89,Low
21.46377323109948,73.00980847928506,20.556363912968962,28.175722868463335,Rice,Sandy,Seedling,2.19,Medium
28.355957967401523,82.8575252793452,11.71625328252634,42.05030286603506,Sugarcane,Sandy,Maturity,7.83,Low
39.62242442778669,25.888936358156798,0.9825741373423902,55.06296038982816,Rice,Sandy,Maturity,30.65,Medium
37.6920233685229,47.517273529158075,43.96965284035977,18.196013102347244,Maize,Loamy,Maturity,0.0,High
39.71537411681016,27.017189460601365,48.2804915690442,29.07044049515617,Wheat,Clay,Flowering,0.0,Medium
32.93172641104023,21.161473644281852,17.078519351578397,17.043430197543067,Maize,Clay,Seedling,0.67,Medium
31.004974948887266,66.32030778507696,16.925343971273644,41.2471885203916,Sugarcane,Sandy,Vegetative,17.26,Low
23.686313167657097,62.171460937661145,0.35459063871854934,46.44352547442979,Cotton,Loamy,Flowering,16.91,Low
28.20481884023279,31.411337967042034,34.012534416518704,56.59563662987279,Maize,Loamy,Maturity,0.0,Low
30.85048415434688,36.36689831651449,41.27199478743144,23.943596313048246,Rice,Sandy,Seedling,2.47,Medium
22.21501074199043,21.659542755116288,7.330415018000158,57.51056029327151,Wheat,Clay,Maturity,0.0,Low
25.51529881778028,78.44630439860826,7.983317468357537,13.16313359103374,Rice,Sandy,Vegetative,25.04,Medium
34.95563235159347,88.2283417233986,39.50416249857189,40.15069316822941,Rice,Loamy,Vegetative,3.89,Low
38.39157785597975,29.482167575628356,30.814537417707232,12.856635967166499,Maize,Loamy,Seedling,0.0,High
44.95868778482374,36.20326496357087,2.2430278813858506,54.688709388097244,Wheat,Clay,Flowering,21.5,Medium
43.327833283588944,80.78866667628537,31.127349523114084,36.4904528535027,Cotton,Loamy,Vegetative,2.76,Low
36.06412998837979,84.85246585693294,15.445886142188304,43.467417538139806,Rice,Loamy,Vegetative,12.64,Low
30.5312013323518,49.37391679647672,18.436257773542298,51.578696295522626,Wheat,Loamy,Vegetative,1.48,Low
35.90443411770582,23.54357305883519,38.48657091484401,17.51553112419844,Cotton,Clay,Vegetative,3.37,High
39.6412904520058,22.757428358497357,40.54675963363053,11.929578096906692,Rice,Loamy,Maturity,7.61,High
22.958404773084684,60.176490624830734,20.01783134199153,53.94405729564261,Wheat,Sandy,Maturity,0.0,Low
30.247622242407207,47.502657622522534,47.35764680031774,25.746661372946626,Maize,Clay,Flowering,0.0,Medium
40.99505714089043,22.005669930435815,20.32313589760361,16.448945396358262,Rice,Sandy,Seedling,24.19,High
29.5958237983261,60.827667461878974,38.591801761505494,33.42306185435433,Rice,Sandy,Seedling,0.0,Low
34.29680678067966,20.791177561231574,24.193863228212955,39.91530378480094,Wheat,Clay,Seedling,0.0,Low
34.694234021554955,75.11603707044911,44.8766163261042,11.548530171125506,Rice,Sandy,Vegetative,14.32,Medium
24.611906328340986,41.450297589236015,45.38806218250893,23.744782912854387,Cotton,Clay,Maturity,0.0,Medium
29.05588604130721,22.818060210646248,4.370840393554193,11.6399937138448,Rice,Sandy,Maturity,28.69,Medium
28.362782218548304,61.18465546882073,46.824666565511286,31.01676945977495,Sugarcane,Clay,Flowering,0.0,Low
20.65491771330162,47.83790901031383,41.27674207602078,54.75500145331222,Cotton,Loamy,Seedling,0.0,Low
20.604794097283882,88.16602893500047,39.565535715633345,59.13262057467846,Wheat,Loamy,Maturity,0.0,Low
40.79242609189434,58.09390637525915,10.045566984276121,41.85237767518137,Cotton,Sandy,Flowering,29.62,Low
26.82677024932031,39.26674267259058,40.25596043773324,18.08188468922959,Sugarcane,Loamy,Seedling,0.0,Medium
32.95196915597039,69.66072052437823,42.50663673425184,55.292469499965286,Sugarcane,Clay,Vegetative,0.0,Low
27.468139339719325,39.00444017798979,14.457516722707547,35.812391160003024,Rice,Sandy,Maturity,18.37,Low
43.51698112788351,83.29703039852956,47.613003918116185,17.687465605145903,Rice,Loamy,Maturity,0.0,High
26.482418971644343,46.23053793551635,2.4930073199582123,56.08633347258307,Maize,Loamy,Seedling,6.53,Low
30.741420318473377,58.49079939433437,7.495462662356983,47.87345253615515,Cotton,Sandy,Vegetative,16.46,Low
41.81825626211504,23.54011726769602,26.879056902575716,46.58526363615758,Maize,Loamy,Vegetative,8.67,Low
41.04833916979521,49.82848665665615,28.789623556115483,45.45903518972023,Sugarcane,Loamy,Maturity,0.63,Low
24.652535446156932,78.26544777626964,32.25750416504517,20.016991054822114,Rice,Sandy,Seedling,0.0,Medium
40.06608274489276,76.39541637543394,0.8484564657733229,20.550334585376305,Rice,Loamy,Flowering,37.19,Medium
31.454672168447317,35.70229911974684,48.01833873110651,44.41464992136275,Rice,Loamy,Maturity,0.0,Low
32.07422180213388,35.82553497073938,2.2294046367071996,20.986137505519842,Wheat,Loamy,Vegetative,15.11,Medium
23.336999310398596,77.21137185492657,7.153097636170119,31.93358484015244,Sugarcane,Loamy,Flowering,18.53,Low
22.015037843928116,85.12788941185279,0.700725876302849,49.10009127969707,Rice,Sandy,Seedling,3.83,Low
38.198482674344135,26.675264489110248,28.342921664704733,49.19762590489205,Sugarcane,Clay,Vegetative,11.14,Low
32.411528808882494,51.50410475983577,46.613344196048615,32.66308862629298,Rice,Clay,Flowering,6.64,Low
30.921267565379488,43.62179952749602,33.29735830402321,49.60949691376226,Cotton,Loamy,Maturity,0.0,Low
38.23770571630992,80.94819188202075,41.13287342402137,51.931089809902836,Sugarcane,Loamy,Vegetative,0.0,Low
39.13782247477774,25.846744027601314,0.6640601729290041,42.73878756421301,Maize,Clay,Seedling,8.63,Medium
23.97270419173384,34.778815979062614,27.100764923986304,21.42129261542101,Wheat,Loamy,Vegetative,0.0,Medium
35.255628736941034,72.67278363105461,22.978148875276094,23.700589019277377,Maize,Clay,Maturity,0.0,Medium
23.38385205694214,23.59056942868509,24.94839721103965,25.742057770436766,Sugarcane,Sandy,Seedling,2.42,Medium
38.784377150726144,54.47747665000025,3.6106592667593973,15.840205386697601,Rice,Sandy,Maturity,27.03,High
36.42387890667849,50.9474924275804,34.221768053465375,23.657981018497257,Sugarcane,Sandy,Flowering,30.65,Medium
43.91536552708645,43.40808252921241,25.161020742931722,20.475961215626604,Wheat,Sandy,Vegetative,14.29,Medium
21.72395040891053,47.620062072324664,38.257442493063195,32.76643749043011,Sugarcane,Sandy,Maturity,0.0,Low
21.426368028781358,57.095841085116305,24.26453170308577,55.421877393613244,Rice,Sandy,Flowering,22.19,Low
27.054676867330002,31.29571508718682,7.469081811321604,15.224015837697904,Maize,Clay,Seedling,0.0,Medium
